# Time (s),Altitude (m),Total velocity (m/s),Total acceleration (m/s²),Position East of launch (m),Position North of launch (m),Lateral distance (m),Angle of attack (°),Mass (g),Motor mass (g),Longitudinal moment of inertia (kg·m²),Rotational moment of inertia (kg·m²),CP location (cm),CG location (cm),Thrust (N),Drag force (N),Drag coefficient (​),Air temperature (°C),Air pressure (mbar),Mach number (​)
0,0,0,0,0,0,0,90,9.067e4,4.4e4,72.01,0.582,NaN,232.932,0,0,0.616,10.925,940.419,0.005
0.01,0,0.015,8.813,0,0,0,89.477,9.064e4,4.397e4,72.003,0.582,NaN,232.934,1686.295,5.667e-8,0.616,10.925,940.419,0.005
0.02,8.978e-4,0.196,27.428,-1.805e-7,0,1.805e-7,83.088,9.062e4,4.395e4,71.995,0.582,NaN,232.937,3372.59,1.249e-4,0.615,10.924,940.419,0.005
0.03,0.005,0.563,46.053,-6.399e-7,0,6.399e-7,70.839,9.059e4,4.392e4,71.987,0.582,NaN,232.939,5058.885,0.003,0.61,10.924,940.419,0.005
0.04,0.013,1.117,64.689,-1.41e-6,0,1.41e-6,55.519,9.056e4,4.389e4,71.98,0.582,NaN,232.942,6745.179,0.015,0.597,10.924,940.418,0.006
0.048,0.024,1.713,80.034,-2.338e-6,0,2.338e-6,43.598,9.054e4,4.387e4,71.974,0.582,NaN,232.944,8133,0.042,0.581,10.924,940.417,0.007
0.058,0.045,2.513,80.078,-3.826e-6,0,3.826e-6,33.194,9.049e4,4.382e4,71.959,0.582,NaN,232.948,8132.468,0.097,0.562,10.924,940.414,0.009
0.068,0.075,3.314,80.122,-5.315e-6,0,5.315e-6,26.596,9.044e4,4.377e4,71.944,0.581,NaN,232.953,8131.935,0.167,0.546,10.924,940.411,0.011
0.078,0.112,4.116,80.166,-6.803e-6,0,6.803e-6,22.14,9.039e4,4.372e4,71.929,0.581,NaN,232.958,8131.403,0.249,0.533,10.924,940.407,0.013
0.088,0.157,4.917,80.21,-8.292e-6,0,8.292e-6,18.963,9.034e4,4.367e4,71.915,0.581,NaN,232.963,8130.87,0.342,0.523,10.923,940.402,0.015
0.098,0.21,5.72,80.254,-9.78e-6,0,9.78e-6,16.597,9.029e4,4.362e4,71.9,0.581,NaN,232.968,8130.338,0.445,0.514,10.923,940.396,0.018
0.108,0.271,6.522,80.298,-1.127e-5,0,1.127e-5,14.665,9.024e4,4.357e4,71.885,0.58,NaN,232.972,8129.805,0.553,0.506,10.923,940.389,0.02
0.118,0.341,7.326,80.342,-1.276e-5,0,1.276e-5,13.111,9.019e4,4.352e4,71.87,0.58,NaN,232.977,8129.273,0.666,0.499,10.922,940.381,0.022
0.128,0.418,8.129,80.386,-1.425e-5,0,1.425e-5,11.849,9.013e4,4.346e4,71.856,0.58,NaN,232.982,8128.741,0.786,0.494,10.922,940.373,0.025
0.138,0.503,8.933,80.43,-1.573e-5,0,1.573e-5,10.805,9.008e4,4.341e4,71.841,0.58,NaN,232.987,8128.208,0.914,0.488,10.921,940.363,0.027
0.148,0.596,9.738,80.473,-1.722e-5,0,1.722e-5,9.927,9.003e4,4.336e4,71.826,0.579,NaN,232.992,8127.676,1.05,0.484,10.921,940.353,0.029
0.158,0.698,10.543,80.517,-1.871e-5,0,1.871e-5,9.247,8.998e4,4.331e4,71.812,0.579,NaN,232.996,8127.143,1.197,0.48,10.92,940.341,0.032
0.168,0.807,11.348,80.561,-2.02e-5,0,2.02e-5,8.675,8.993e4,4.326e4,71.797,0.579,NaN,233.001,8126.611,1.353,0.476,10.919,940.329,0.034
0.178,0.925,12.154,80.604,-2.169e-5,0,2.169e-5,8.178,8.988e4,4.321e4,71.782,0.578,NaN,233.006,8126.078,1.519,0.472,10.918,940.316,0.036
0.188,1.05,12.96,80.648,-2.318e-5,0,2.318e-5,7.74,8.983e4,4.316e4,71.767,0.578,NaN,233.011,8125.546,1.695,0.469,10.918,940.302,0.039
0.198,1.184,13.767,80.691,-2.467e-5,0,2.467e-5,7.353,8.978e4,4.311e4,71.753,0.578,NaN,233.016,8125.014,1.89,0.468,10.917,940.287,0.041
0.208,1.326,14.574,80.734,-2.615e-5,0,2.615e-5,6.935,8.973e4,4.306e4,71.738,0.578,NaN,233.021,8124.481,2.093,0.468,10.916,940.271,0.043
0.218,1.476,15.382,80.778,-2.764e-5,0,2.764e-5,6.544,8.967e4,4.301e4,71.723,0.577,NaN,233.026,8123.949,2.307,0.468,10.915,940.254,0.046
0.228,1.633,16.19,80.821,-2.913e-5,0,2.913e-5,6.192,8.962e4,4.295e4,71.708,0.577,NaN,233.03,8123.416,2.533,0.468,10.914,940.237,0.048
0.238,1.799,16.998,80.864,-3.062e-5,0,3.062e-5,5.872,8.957e4,4.29e4,71.694,0.577,NaN,233.035,8122.884,2.769,0.468,10.913,940.218,0.051
0.248,1.973,17.807,80.907,-3.211e-5,0,3.211e-5,5.581,8.952e4,4.285e4,71.679,0.577,NaN,233.04,8122.351,3.016,0.468,10.912,940.199,0.053
0.258,2.155,18.616,80.95,-3.36e-5,0,3.36e-5,5.3,8.947e4,4.28e4,71.664,0.576,NaN,233.045,8121.819,3.274,0.469,10.91,940.178,0.055
0.268,2.346,19.426,80.993,-3.508e-5,0,3.508e-5,5.038,8.942e4,4.275e4,71.65,0.576,NaN,233.05,8121.286,3.543,0.469,10.909,940.157,0.058
0.278,2.544,20.236,81.035,-3.657e-5,0,3.657e-5,4.797,8.937e4,4.27e4,71.635,0.576,NaN,233.055,8120.754,3.823,0.469,10.908,940.135,0.06
0.288,2.75,21.047,81.078,-3.806e-5,0,3.806e-5,4.575,8.932e4,4.265e4,71.62,0.576,NaN,233.06,8120.222,4.115,0.469,10.907,940.112,0.062
0.298,2.965,21.858,81.121,-3.955e-5,0,3.955e-5,4.368,8.927e4,4.26e4,71.605,0.575,NaN,233.065,8119.689,4.418,0.469,10.905,940.088,0.065
0.308,3.188,22.669,81.163,-4.104e-5,0,4.104e-5,4.133,8.922e4,4.255e4,71.591,0.575,NaN,233.07,8119.157,4.728,0.469,10.904,940.063,0.067
0.318,3.418,23.481,81.206,-4.253e-5,0,4.253e-5,3.905,8.916e4,4.249e4,71.576,0.575,NaN,233.075,8118.624,5.049,0.469,10.902,940.037,0.07
0.328,3.657,24.293,81.248,-4.402e-5,0,4.402e-5,3.693,8.911e4,4.244e4,71.561,0.575,NaN,233.08,8118.092,5.382,0.469,10.901,940.011,0.072
0.338,3.904,25.106,81.291,-4.55e-5,0,4.55e-5,3.493,8.906e4,4.239e4,71.546,0.574,NaN,233.084,8117.559,5.726,0.469,10.899,939.983,0.074
0.348,4.159,25.919,81.333,-4.699e-5,0,4.699e-5,3.306,8.901e4,4.234e4,71.532,0.574,NaN,233.089,8117.027,6.083,0.469,10.897,939.955,0.077
0.358,4.423,26.733,81.375,-4.848e-5,0,4.848e-5,3.166,8.896e4,4.229e4,71.517,0.574,NaN,233.094,8116.495,6.455,0.469,10.896,939.925,0.079
0.368,4.694,27.547,81.417,-4.997e-5,0,4.997e-5,3.042,8.891e4,4.224e4,71.502,0.574,NaN,233.099,8115.962,6.84,0.469,10.894,939.895,0.082
0.378,4.974,28.361,81.459,-5.146e-5,0,5.146e-5,2.924,8.886e4,4.219e4,71.487,0.573,NaN,233.104,8115.43,7.236,0.469,10.892,939.864,0.084
0.388,5.261,29.176,81.501,-5.295e-5,0,5.295e-5,2.813,8.881e4,4.214e4,71.473,0.573,NaN,233.109,8114.897,7.645,0.469,10.89,939.831,0.086
0.398,5.557,29.991,81.543,-5.444e-5,0,5.444e-5,2.708,8.876e4,4.209e4,71.458,0.573,NaN,233.114,8114.365,8.066,0.469,10.888,939.798,0.089
0.408,5.861,30.807,81.584,-5.592e-5,0,5.592e-5,2.644,8.87e4,4.203e4,71.443,0.573,NaN,233.119,8113.832,8.503,0.469,10.886,939.764,0.091
0.418,6.173,31.623,81.626,-5.741e-5,0,5.741e-5,2.591,8.865e4,4.198e4,71.428,0.572,NaN,233.124,8113.3,8.953,0.469,10.884,939.73,0.094
0.428,6.493,32.439,81.667,-5.89e-5,0,5.89e-5,2.541,8.86e4,4.193e4,71.414,0.572,NaN,233.129,8112.768,9.415,0.469,10.882,939.694,0.096
0.438,6.822,33.256,81.709,-6.039e-5,0,6.039e-5,2.493,8.855e4,4.188e4,71.399,0.572,NaN,233.134,8112.235,9.889,0.469,10.88,939.657,0.099
0.448,7.159,34.073,81.75,-6.188e-5,0,6.188e-5,2.447,8.85e4,4.183e4,71.384,0.572,NaN,233.139,8111.703,10.375,0.469,10.878,939.619,0.101
0.458,7.503,34.891,81.791,-6.337e-5,0,6.337e-5,2.382,8.845e4,4.178e4,71.369,0.571,NaN,233.144,8111.17,10.87,0.47,10.876,939.581,0.103
0.468,7.856,35.709,81.832,-6.486e-5,0,6.486e-5,2.314,8.84e4,4.173e4,71.355,0.571,NaN,233.149,8110.638,11.376,0.47,10.873,939.541,0.106
0.478,8.218,36.528,81.874,-6.634e-5,0,6.634e-5,2.25,8.835e4,4.168e4,71.34,0.571,NaN,233.154,8110.105,11.895,0.47,10.871,939.501,0.108
0.488,8.587,37.347,81.914,-6.783e-5,0,6.783e-5,2.188,8.83e4,4.163e4,71.325,0.571,NaN,233.159,8109.573,12.425,0.47,10.869,939.46,0.111
0.498,8.965,38.166,81.955,-6.932e-5,0,6.932e-5,2.129,8.824e4,4.158e4,71.31,0.57,NaN,233.164,8109.041,12.968,0.47,10.866,939.418,0.113
0.508,9.35,38.986,81.996,-7.081e-5,0,7.081e-5,2.037,8.819e4,4.152e4,71.296,0.57,NaN,233.169,8108.508,13.517,0.47,10.864,939.375,0.115
0.518,9.744,39.806,82.037,-7.23e-5,0,7.23e-5,1.942,8.814e4,4.147e4,71.281,0.57,NaN,233.174,8107.976,14.078,0.47,10.861,939.331,0.118
0.528,10.146,40.626,82.078,-7.379e-5,0,7.379e-5,1.851,8.809e4,4.142e4,71.266,0.57,NaN,233.179,8107.443,14.65,0.47,10.859,939.286,0.12
0.538,10.557,41.447,82.118,-7.527e-5,0,7.527e-5,1.763,8.804e4,4.137e4,71.251,0.569,NaN,233.184,8106.911,15.236,0.47,10.856,939.24,0.123
0.548,10.975,42.269,82.159,-7.676e-5,0,7.676e-5,1.679,8.799e4,4.132e4,71.237,0.569,NaN,233.189,8106.378,15.833,0.47,10.853,939.193,0.125
0.558,11.402,43.091,82.199,-7.825e-5,0,7.825e-5,1.64,8.794e4,4.127e4,71.222,0.569,NaN,233.194,8105.846,16.45,0.47,10.85,939.145,0.128
0.568,11.837,43.913,82.239,-7.974e-5,0,7.974e-5,1.611,8.789e4,4.122e4,71.207,0.569,NaN,233.2,8105.313,17.081,0.47,10.848,939.097,0.13
0.578,12.28,44.735,82.279,-8.123e-5,0,8.123e-5,1.583,8.784e4,4.117e4,71.192,0.568,NaN,233.205,8104.781,17.725,0.47,10.845,939.047,0.132
0.588,12.732,45.558,82.319,-8.272e-5,0,8.272e-5,1.556,8.779e4,4.112e4,71.178,0.568,NaN,233.21,8104.249,18.38,0.47,10.842,938.997,0.135
0.598,13.192,46.382,82.359,-8.421e-5,0,8.421e-5,1.53,8.773e4,4.106e4,71.163,0.568,NaN,233.215,8103.716,19.049,0.471,10.839,938.945,0.137
0.608,13.66,47.206,82.399,-8.569e-5,0,8.569e-5,1.508,8.768e4,4.101e4,71.148,0.568,NaN,233.22,8103.184,19.73,0.471,10.836,938.893,0.14
0.618,14.136,48.03,82.439,-8.718e-5,0,8.718e-5,1.487,8.763e4,4.096e4,71.133,0.567,NaN,233.225,8102.651,20.424,0.471,10.833,938.84,0.142
0.628,14.62,48.854,82.479,-8.867e-5,0,8.867e-5,1.467,8.758e4,4.091e4,71.119,0.567,NaN,233.23,8102.119,21.13,0.471,10.829,938.786,0.145
0.638,15.113,49.679,82.518,-9.016e-5,0,9.016e-5,1.448,8.753e4,4.086e4,71.104,0.567,NaN,233.235,8101.586,21.849,0.471,10.826,938.731,0.147
0.648,15.614,50.505,82.558,-9.165e-5,0,9.165e-5,1.429,8.748e4,4.081e4,71.089,0.566,280.449,233.24,8101.054,22.581,0.471,10.823,938.675,0.15
0.663,16.381,51.743,82.617,-1.113e-4,0,1.113e-4,1.448,8.74e4,4.073e4,71.067,0.566,280.404,233.248,8100.255,23.712,0.471,10.818,938.589,0.153
0.686,17.566,53.603,82.704,-2.088e-4,0,2.088e-4,1.481,8.729e4,4.062e4,71.034,0.566,280.324,233.26,8099.057,25.464,0.471,10.81,938.457,0.159
0.719,19.422,56.397,82.835,-5.181e-4,0,5.181e-4,1.463,8.711e4,4.045e4,70.984,0.565,280.377,233.277,8097.26,28.199,0.472,10.798,938.249,0.167
0.769,22.345,60.543,83.028,-0.001,1.517e-8,0.001,1.362,8.686e4,4.019e4,70.91,0.563,280.645,233.303,8094.598,32.498,0.472,10.779,937.923,0.179
0.819,25.476,64.7,83.217,-0.002,6.045e-8,0.002,1.237,8.66e4,3.993e4,70.836,0.562,280.976,233.329,8091.936,37.111,0.473,10.759,937.573,0.192
0.869,28.816,68.865,83.404,-0.004,1.814e-7,0.004,1.143,8.635e4,3.968e4,70.763,0.561,281.232,233.355,8089.274,42.057,0.473,10.737,937.2,0.204
0.919,32.363,73.04,83.588,-0.005,4.287e-7,0.005,1.087,8.609e4,3.942e4,70.689,0.56,281.391,233.381,8086.612,47.345,0.474,10.714,936.803,0.216
0.969,36.12,77.224,83.77,-0.006,8.474e-7,0.006,0.969,8.584e4,3.917e4,70.615,0.558,281.714,233.408,8083.95,52.947,0.475,10.69,936.384,0.229
1.019,40.086,81.417,83.949,-0.006,1.473e-6,0.006,0.814,8.558e4,3.891e4,70.541,0.557,282.138,233.435,8081.287,58.873,0.476,10.664,935.941,0.241
1.069,44.262,85.619,84.125,-0.005,2.309e-6,0.005,0.644,8.533e4,3.866e4,70.467,0.556,282.61,233.461,8078.625,65.139,0.476,10.637,935.474,0.254
1.119,48.648,89.829,84.298,-0.002,3.375e-6,0.002,0.518,8.507e4,3.84e4,70.393,0.554,282.968,233.488,8075.963,71.769,0.477,10.608,934.984,0.266
1.169,53.245,94.048,84.467,0.003,4.68e-6,0.003,0.388,8.482e4,3.815e4,70.32,0.553,283.34,233.515,8073.301,78.752,0.478,10.578,934.47,0.279
1.219,58.053,98.275,84.634,0.012,6.203e-6,0.012,0.218,8.456e4,3.789e4,70.246,0.552,283.828,233.543,8070.639,86.089,0.479,10.547,933.933,0.291
1.269,63.072,102.51,84.798,0.025,8.02e-6,0.025,0.071,8.431e4,3.764e4,70.172,0.551,284.258,233.57,8067.977,93.801,0.48,10.515,933.372,0.304
1.319,68.304,106.753,84.958,0.043,1.022e-5,0.043,0.079,8.405e4,3.738e4,70.098,0.549,284.258,233.598,8065.314,101.891,0.481,10.481,932.788,0.316
1.369,73.747,111.003,85.115,0.067,1.297e-5,0.067,0.285,8.38e4,3.713e4,70.024,0.548,283.706,233.626,8062.652,110.37,0.482,10.445,932.18,0.329
1.419,79.404,115.261,85.269,0.098,1.648e-5,0.098,0.449,8.354e4,3.687e4,69.95,0.547,283.278,233.654,8059.99,119.247,0.483,10.408,931.548,0.341
1.469,85.273,119.526,85.419,0.138,2.103e-5,0.138,0.53,8.328e4,3.662e4,69.876,0.546,283.08,233.682,8057.328,128.499,0.484,10.37,930.892,0.354
1.519,91.356,123.798,85.565,0.186,2.695e-5,0.186,0.628,8.303e4,3.636e4,69.802,0.544,282.841,233.71,8054.666,138.151,0.485,10.331,930.212,0.367
1.569,97.653,128.076,85.707,0.243,3.467e-5,0.243,0.735,8.277e4,3.61e4,69.728,0.543,282.58,233.739,8052.004,148.206,0.487,10.29,929.509,0.38
1.619,104.163,132.362,85.845,0.311,4.463e-5,0.311,0.774,8.252e4,3.585e4,69.654,0.542,282.501,233.767,8049.341,158.628,0.488,10.247,928.782,0.392
1.669,110.888,136.655,85.978,0.389,5.723e-5,0.389,0.755,8.226e4,3.559e4,69.58,0.54,282.58,233.796,8046.679,169.411,0.489,10.204,928.03,0.405
1.719,117.828,140.954,86.107,0.478,7.283e-5,0.478,0.688,8.201e4,3.534e4,69.506,0.539,282.785,233.825,8044.017,180.563,0.491,10.159,927.255,0.418
1.769,124.983,145.26,86.232,0.577,9.165e-5,0.577,0.538,8.175e4,3.508e4,69.432,0.538,283.219,233.854,8041.355,192.077,0.492,10.112,926.456,0.431
1.819,132.353,149.573,86.351,0.687,1.136e-4,0.687,0.37,8.15e4,3.483e4,69.358,0.537,283.708,233.884,8038.693,204.012,0.493,10.064,925.632,0.443
1.869,139.938,153.892,86.466,0.805,1.385e-4,0.805,0.156,8.124e4,3.457e4,69.284,0.535,284.33,233.913,8036.031,216.391,0.495,10.015,924.785,0.456
1.919,147.74,158.217,86.577,0.931,1.659e-4,0.931,1.772e-4,8.099e4,3.432e4,69.21,0.534,284.799,233.943,8033.369,229.237,0.497,9.964,923.913,0.469
1.969,155.758,162.548,86.683,1.064,1.951e-4,1.064,0.115,8.073e4,3.406e4,69.136,0.533,284.511,233.973,8030.706,242.534,0.498,9.912,923.017,0.482
2.019,163.993,166.885,86.784,1.203,2.257e-4,1.203,0.237,8.048e4,3.381e4,69.062,0.531,284.204,234.003,8028.044,256.3,0.5,9.859,922.097,0.495
2.069,172.444,171.227,86.88,1.346,2.568e-4,1.346,0.359,8.022e4,3.355e4,68.987,0.53,283.905,234.034,8025.382,270.545,0.501,9.804,921.153,0.508
2.119,181.113,175.573,86.972,1.494,2.873e-4,1.494,0.444,7.997e4,3.33e4,68.913,0.529,283.714,234.064,8022.72,285.244,0.503,9.747,920.184,0.521
2.169,189.999,179.924,87.059,1.644,3.164e-4,1.644,0.489,7.971e4,3.304e4,68.839,0.528,283.641,234.095,8020.058,300.384,0.505,9.69,919.192,0.534
2.219,199.103,184.279,87.141,1.797,3.432e-4,1.797,0.475,7.945e4,3.279e4,68.765,0.526,283.735,234.126,8017.396,315.935,0.507,9.63,918.174,0.547
2.269,208.424,188.638,87.218,1.953,3.671e-4,1.953,0.419,7.92e4,3.253e4,68.691,0.525,283.946,234.157,8014.733,331.924,0.509,9.57,917.133,0.56
2.319,217.964,193,87.29,2.112,3.879e-4,2.112,0.312,7.894e4,3.227e4,68.617,0.524,284.308,234.188,8012.071,348.35,0.51,9.508,916.067,0.573
2.369,227.722,197.366,87.356,2.275,4.053e-4,2.275,0.165,7.869e4,3.202e4,68.542,0.523,284.787,234.22,8009.409,365.257,0.512,9.444,914.977,0.586
2.419,237.698,201.736,87.417,2.442,4.193e-4,2.442,0.012,7.843e4,3.176e4,68.468,0.521,285.293,234.251,8006.747,382.695,0.514,9.379,913.862,0.599
2.469,247.892,206.107,87.472,2.616,4.301e-4,2.616,0.139,7.818e4,3.151e4,68.394,0.52,285.019,234.283,8004.085,400.692,0.517,9.313,912.723,0.612
2.519,258.306,210.481,87.522,2.798,4.389e-4,2.798,0.277,7.792e4,3.125e4,68.32,0.519,284.725,234.316,8001.423,419.231,0.519,9.246,911.56,0.625
2.569,268.937,214.857,87.565,2.988,4.48e-4,2.988,0.365,7.767e4,3.1e4,68.245,0.517,284.575,234.348,7998.76,438.279,0.521,9.176,910.372,0.638
2.619,279.788,219.234,87.601,3.189,4.6e-4,3.189,0.415,7.741e4,3.074e4,68.171,0.516,284.533,234.38,7996.098,457.809,0.523,9.106,909.16,0.651
2.669,290.857,223.613,87.63,3.4,4.77e-4,3.4,0.399,7.716e4,3.049e4,68.097,0.515,284.677,234.413,7993.436,477.825,0.525,9.034,907.923,0.664
2.719,302.145,227.994,87.649,3.622,5.011e-4,3.622,0.297,7.69e4,3.023e4,68.022,0.514,285.063,234.446,7990.774,498.284,0.528,8.961,906.662,0.677
2.769,313.652,232.376,87.661,3.853,5.335e-4,3.853,0.1,7.665e4,2.998e4,67.948,0.512,285.721,234.479,7988.112,519.28,0.53,8.886,905.376,0.69
2.819,325.378,236.759,87.666,4.092,5.739e-4,4.092,0.068,7.639e4,2.972e4,67.874,0.511,285.924,234.513,7985.45,540.938,0.533,8.81,904.066,0.703
2.869,337.323,241.142,87.664,4.337,6.204e-4,4.337,0.206,7.614e4,2.947e4,67.799,0.51,285.654,234.547,7982.787,563.312,0.535,8.732,902.732,0.717
2.919,349.487,245.525,87.655,4.588,6.709e-4,4.588,0.328,7.588e4,2.921e4,67.725,0.509,285.435,234.58,7980.125,586.314,0.538,8.653,901.373,0.73
2.969,361.87,249.907,87.64,4.841,7.222e-4,4.841,0.362,7.562e4,2.896e4,67.65,0.507,285.464,234.615,7977.463,609.797,0.541,8.572,899.989,0.743
3.019,374.472,254.288,87.613,5.098,7.716e-4,5.098,0.317,7.537e4,2.87e4,67.576,0.506,285.716,234.649,7974.801,633.924,0.544,8.49,898.589,0.756
3.069,387.294,258.668,87.576,5.359,8.171e-4,5.359,0.2,7.511e4,2.844e4,67.501,0.505,286.168,234.684,7972.139,658.827,0.547,8.407,897.225,0.769
3.119,400.334,263.046,87.531,5.624,8.574e-4,5.624,0.037,7.486e4,2.819e4,67.427,0.503,286.758,234.718,7969.477,684.364,0.55,8.322,895.838,0.782
3.169,413.593,267.421,87.48,5.895,8.921e-4,5.895,0.129,7.46e4,2.793e4,67.353,0.502,286.634,234.753,7966.814,710.619,0.553,8.236,894.428,0.795
3.219,427.07,271.792,87.413,6.175,9.212e-4,6.175,0.251,7.435e4,2.768e4,67.278,0.501,286.429,234.789,7964.152,738.204,0.557,8.149,892.994,0.809
3.269,440.766,276.159,87.329,6.465,9.463e-4,6.465,0.295,7.409e4,2.742e4,67.203,0.5,286.445,234.824,7961.49,766.763,0.561,8.06,891.537,0.822
3.319,454.679,280.521,87.234,6.767,9.705e-4,6.767,0.278,7.384e4,2.717e4,67.129,0.498,286.632,234.86,7958.828,795.9,0.565,7.969,890.057,0.835
3.369,468.811,284.879,87.126,7.079,9.998e-4,7.079,0.188,7.358e4,2.691e4,67.054,0.497,287.026,234.896,7956.166,825.632,0.569,7.877,888.554,0.848
3.419,483.16,289.231,86.98,7.4,0.001,7.4,0.071,7.333e4,2.666e4,66.98,0.496,287.502,234.932,7953.504,858.06,0.575,7.784,887.028,0.861
3.469,497.727,293.576,86.818,7.73,0.001,7.73,0.072,7.307e4,2.64e4,66.905,0.494,287.646,234.969,7950.841,891.774,0.581,7.689,885.478,0.874
3.519,512.51,297.912,86.646,8.066,0.001,8.066,0.206,7.282e4,2.615e4,66.831,0.493,287.416,235.006,7948.179,926.43,0.587,7.593,883.906,0.887
3.569,527.51,302.24,86.462,8.405,0.001,8.405,0.26,7.256e4,2.589e4,66.756,0.492,287.414,235.043,7945.517,961.885,0.593,7.496,882.31,0.9
3.619,542.726,306.557,86.215,8.749,0.001,8.749,0.233,7.231e4,2.564e4,66.681,0.491,287.641,235.08,7942.855,1001.642,0.601,7.397,880.692,0.913
3.669,558.158,310.861,85.951,9.095,0.001,9.095,0.13,7.205e4,2.538e4,66.607,0.489,288.087,235.118,7940.193,1042.31,0.609,7.296,879.05,0.926
3.719,573.804,315.151,85.674,9.447,0.002,9.447,0.017,7.179e4,2.513e4,66.532,0.488,288.572,235.156,7937.531,1084.017,0.617,7.195,877.386,0.939
3.769,589.665,319.427,85.359,9.805,0.002,9.805,0.142,7.154e4,2.487e4,66.457,0.487,288.388,235.194,7934.868,1128.644,0.626,7.092,875.699,0.952
3.819,605.738,323.682,84.882,10.173,0.002,10.173,0.199,7.128e4,2.461e4,66.382,0.486,288.411,235.232,7932.206,1184.546,0.641,6.987,873.989,0.965
3.869,622.024,327.913,84.379,10.55,0.002,10.55,0.18,7.103e4,2.436e4,66.308,0.484,288.661,235.271,7929.544,1241.758,0.656,6.881,872.257,0.978
3.919,638.52,332.118,83.849,10.937,0.002,10.937,0.101,7.077e4,2.41e4,66.233,0.483,289.096,235.31,7926.882,1300.273,0.671,6.774,870.502,0.99
3.969,655.226,336.296,83.308,11.333,0.002,11.333,0.005,7.052e4,2.385e4,66.158,0.482,289.591,235.349,7924.22,1359.429,0.685,6.666,868.725,1.003
4.019,672.14,340.449,82.805,11.735,0.002,11.735,0.096,7.026e4,2.359e4,66.083,0.48,289.57,235.389,7921.558,1415.804,0.697,6.556,866.926,1.016
4.069,689.261,344.578,82.377,12.142,0.002,12.142,0.145,7.001e4,2.334e4,66.008,0.479,289.685,235.428,7918.895,1466.898,0.707,6.444,865.105,1.028
4.119,706.588,348.687,81.987,12.554,0.002,12.554,0.137,6.975e4,2.308e4,65.933,0.478,289.973,235.469,7916.233,1514.934,0.714,6.332,863.262,1.041
4.169,724.119,352.779,81.709,12.969,0.002,12.969,0.079,6.95e4,2.283e4,65.859,0.477,290.42,235.509,7913.571,1554.929,0.717,6.218,861.397,1.053
4.219,741.855,356.858,81.476,13.39,0.002,13.39,0.026,6.924e4,2.257e4,65.784,0.475,290.866,235.55,7910.909,1591.872,0.719,6.102,859.51,1.065
4.269,759.795,360.927,81.306,13.817,0.003,13.817,0.108,6.899e4,2.232e4,65.709,0.474,290.944,235.591,7908.247,1624.567,0.718,5.986,857.602,1.078
4.319,777.938,364.989,81.215,14.253,0.003,14.253,0.108,6.873e4,2.206e4,65.634,0.473,291.268,235.632,7905.585,1651.419,0.715,5.868,855.672,1.09
4.369,796.283,369.047,81.154,14.698,0.003,14.698,0.065,6.848e4,2.181e4,65.559,0.471,291.723,235.674,7902.922,1676,0.711,5.749,853.72,1.103
4.419,814.832,373.104,81.147,15.15,0.003,15.15,0.014,6.822e4,2.155e4,65.484,0.47,292.211,235.715,7900.26,1696.874,0.706,5.628,851.747,1.115
4.469,833.583,377.162,81.189,15.61,0.003,15.61,0.052,6.796e4,2.13e4,65.409,0.469,292.463,235.758,7897.598,1714.503,0.7,5.506,849.753,1.127
4.519,852.536,381.224,81.27,16.075,0.003,16.075,0.1,6.771e4,2.104e4,65.334,0.468,292.699,235.8,7894.936,1729.626,0.692,5.383,847.737,1.14
4.569,871.694,385.291,81.419,16.544,0.003,16.544,0.083,6.745e4,2.078e4,65.258,0.466,293.119,235.843,7892.274,1740.196,0.683,5.258,845.699,1.152
4.619,891.054,389.366,81.591,17.018,0.003,17.018,0.004,6.72e4,2.053e4,65.183,0.465,293.715,235.886,7889.612,1749.189,0.673,5.133,843.733,1.165
4.669,910.619,393.45,81.806,17.499,0.004,17.499,0.061,6.694e4,2.027e4,65.108,0.464,293.943,235.93,7886.949,1755.736,0.663,5.005,841.752,1.177
4.719,930.387,397.546,82.049,17.988,0.004,17.988,0.073,6.669e4,2.002e4,65.033,0.463,294.297,235.974,7884.287,1760.329,0.653,4.877,839.752,1.19
4.769,950.361,401.654,82.31,18.486,0.004,18.486,0.065,6.643e4,1.976e4,64.958,0.461,294.707,236.018,7881.625,1763.7,0.642,4.747,837.73,1.202
4.819,970.54,405.776,82.586,18.992,0.004,18.992,0.015,6.618e4,1.951e4,64.883,0.46,295.222,236.062,7878.963,1766.071,0.631,4.616,835.687,1.215
4.869,990.926,409.913,82.867,19.505,0.004,19.505,0.058,6.592e4,1.925e4,64.807,0.459,295.489,236.107,7876.301,1768.429,0.62,4.483,833.624,1.227
4.919,1011.519,414.063,83.156,20.023,0.004,20.023,0.086,6.567e4,1.9e4,64.732,0.457,295.793,236.153,7873.639,1770.568,0.61,4.35,831.54,1.24
4.969,1032.32,418.227,83.412,20.546,0.005,20.546,0.046,6.541e4,1.874e4,64.657,0.456,296.261,236.198,7870.976,1774.777,0.601,4.214,829.434,1.253
5.019,1053.329,422.404,83.653,21.075,0.005,21.075,0.036,6.516e4,1.849e4,64.581,0.455,296.641,236.244,7868.314,1780.38,0.592,4.078,827.308,1.266
5.069,1074.547,426.592,83.867,21.612,0.005,21.612,0.081,6.49e4,1.823e4,64.506,0.454,296.866,236.29,7865.652,1788.006,0.584,3.94,825.16,1.279
5.119,1095.974,430.788,83.993,22.158,0.005,22.158,0.05,6.465e4,1.798e4,64.431,0.452,297.267,236.337,7862.99,1800.863,0.578,3.801,822.991,1.291
5.169,1117.612,434.99,84.092,22.712,0.005,22.712,0.017,6.439e4,1.772e4,64.355,0.451,297.651,236.384,7860.328,1815.519,0.573,3.66,820.801,1.304
5.219,1139.459,439.196,84.158,23.272,0.005,23.272,0.055,6.413e4,1.747e4,64.28,0.45,297.834,236.432,7857.666,1832.671,0.568,3.518,818.59,1.317
5.269,1161.517,443.406,84.221,23.838,0.006,23.838,0.045,6.388e4,1.721e4,64.204,0.449,298.112,236.479,7855.003,1849.908,0.564,3.375,816.358,1.33
5.319,1183.785,447.618,84.286,24.409,0.006,24.409,0.004,6.362e4,1.695e4,64.129,0.447,298.435,236.528,7852.341,1867.118,0.56,3.23,814.104,1.343
5.369,1206.264,451.834,84.352,24.988,0.006,24.988,0.031,6.337e4,1.67e4,64.053,0.446,298.557,236.576,7849.679,1884.416,0.556,3.084,811.828,1.356
5.419,1228.953,456.053,84.418,25.574,0.006,25.574,0.038,6.311e4,1.644e4,63.978,0.445,298.692,236.625,7847.017,1901.738,0.552,2.936,809.532,1.369
5.469,1251.854,460.275,84.482,26.168,0.006,26.168,0.023,6.286e4,1.619e4,63.902,0.443,298.84,236.675,7844.355,1918.978,0.548,2.787,807.214,1.382
5.519,1274.966,464.501,84.546,26.77,0.006,26.77,0.018,6.26e4,1.593e4,63.827,0.442,298.917,236.724,7841.693,1936.269,0.544,2.637,804.875,1.395
5.569,1298.288,468.73,84.613,27.378,0.007,27.378,0.046,6.235e4,1.568e4,63.751,0.441,298.869,236.774,7839.031,1953.556,0.541,2.486,802.514,1.409
5.619,1321.823,472.962,84.681,27.992,0.007,27.992,0.029,6.209e4,1.542e4,63.675,0.44,298.871,236.825,7836.368,1970.753,0.537,2.333,800.132,1.422
5.669,1345.568,477.198,84.751,28.612,0.007,28.612,0.017,6.184e4,1.517e4,63.6,0.438,298.802,236.876,7833.706,1987.959,0.533,2.178,797.729,1.435
5.719,1369.526,481.437,84.824,29.24,0.007,29.24,0.037,6.158e4,1.491e4,63.524,0.437,298.59,236.927,7831.044,2005.12,0.53,2.023,795.304,1.448
5.769,1393.696,485.679,84.89,29.875,0.008,29.875,0.02,6.133e4,1.466e4,63.448,0.436,298.391,236.979,7828.382,2022.436,0.526,1.865,792.96,1.461
5.819,1418.077,489.925,84.956,30.519,0.008,30.519,0.013,6.107e4,1.44e4,63.372,0.434,298.088,237.032,7825.72,2039.79,0.523,1.707,790.613,1.474
5.869,1442.671,494.175,85.026,31.17,0.008,31.17,0.026,6.082e4,1.415e4,63.296,0.433,297.64,237.084,7823.058,2057.064,0.52,1.547,788.246,1.488
5.919,1467.477,498.428,85.099,31.827,0.008,31.827,0.005,6.056e4,1.389e4,63.221,0.432,297.174,237.138,7820.395,2074.219,0.516,1.386,785.858,1.501
5.969,1492.496,502.684,85.173,32.49,0.009,32.49,0.009,6.03e4,1.364e4,63.145,0.431,296.664,237.191,7817.733,2091.366,0.513,1.223,783.45,1.514
6.019,1517.728,506.945,85.249,33.162,0.009,33.162,0.015,6.005e4,1.338e4,63.069,0.429,296.133,237.245,7815.071,2108.412,0.51,1.059,781.021,1.527
6.069,1543.173,511.209,85.327,33.841,0.009,33.841,0.011,5.979e4,1.312e4,62.993,0.428,295.609,237.3,7812.409,2125.338,0.507,0.894,778.572,1.541
6.119,1568.831,515.477,85.406,34.527,0.01,34.527,0.002,5.954e4,1.287e4,62.917,0.427,295.086,237.355,7809.747,2142.211,0.504,0.727,776.103,1.554
6.169,1594.702,519.749,85.488,35.221,0.01,35.221,0.021,5.928e4,1.261e4,62.841,0.426,294.473,237.41,7807.085,2158.99,0.5,0.559,773.612,1.567
6.219,1620.787,524.026,85.573,35.922,0.01,35.922,0.014,5.903e4,1.236e4,62.765,0.424,293.907,237.466,7804.422,2175.636,0.497,0.389,771.102,1.581
6.269,1647.086,528.307,85.661,36.629,0.01,36.629,0.01,5.877e4,1.21e4,62.688,0.423,293.319,237.523,7801.76,2192.203,0.494,0.218,768.57,1.594
6.319,1673.599,532.592,85.752,37.344,0.011,37.344,0.021,5.852e4,1.185e4,62.612,0.422,292.756,237.58,7799.098,2208.653,0.491,0.046,766.018,1.608
6.369,1700.326,536.881,85.844,38.067,0.011,38.067,0.006,5.826e4,1.159e4,62.536,0.42,292.306,237.637,7796.436,2224.975,0.489,-0.128,763.446,1.621
6.419,1727.267,541.176,85.938,38.797,0.011,38.797,0.009,5.801e4,1.134e4,62.46,0.419,291.799,237.695,7793.774,2241.205,0.486,-0.303,760.853,1.635
6.469,1754.424,545.475,86.037,39.535,0.012,39.535,0.006,5.775e4,1.108e4,62.383,0.418,291.294,237.753,7791.112,2257.289,0.483,-0.479,758.239,1.648
6.519,1781.795,549.78,86.139,40.279,0.012,40.279,4.928e-4,5.75e4,1.083e4,62.307,0.417,290.783,237.812,7788.449,2273.234,0.48,-0.657,755.604,1.662
6.569,1809.381,554.089,86.244,41.031,0.012,41.031,7.672e-4,5.724e4,1.057e4,62.231,0.415,290.242,237.872,7785.787,2289.082,0.477,-0.836,752.949,1.675
6.619,1837.183,558.404,86.352,41.79,0.013,41.79,0.004,5.699e4,1.032e4,62.154,0.414,289.679,237.932,7783.125,2304.785,0.475,-1.017,750.273,1.689
6.669,1865.201,562.724,86.464,42.556,0.013,42.556,0.004,5.673e4,1.006e4,62.078,0.413,289.131,237.993,7780.463,2320.338,0.472,-1.199,747.576,1.702
6.719,1893.435,567.05,86.573,43.33,0.013,43.33,0.002,5.647e4,9805.374,62.001,0.411,288.672,238.054,7777.801,2336.073,0.469,-1.383,744.956,1.716
6.769,1921.885,571.381,86.683,44.111,0.013,44.111,0.009,5.622e4,9550.04,61.925,0.41,288.179,238.115,7775.139,2351.8,0.466,-1.568,742.353,1.73
6.819,1950.551,575.718,86.798,44.899,0.014,44.899,0.006,5.596e4,9294.706,61.848,0.409,287.698,238.178,7772.476,2367.376,0.464,-1.754,739.731,1.744
6.869,1979.435,580.061,86.916,45.694,0.014,45.694,7.68e-4,5.571e4,9039.371,61.772,0.408,287.215,238.24,7769.814,2382.82,0.461,-1.942,737.089,1.757
6.919,2008.536,584.41,87.037,46.496,0.014,46.496,0.008,5.545e4,8784.037,61.695,0.406,286.687,238.304,7767.152,2398.128,0.459,-2.131,734.427,1.771
6.969,2037.854,588.765,87.163,47.306,0.015,47.306,0.014,5.52e4,8528.703,61.618,0.405,286.15,238.368,7764.49,2413.272,0.456,-2.322,731.744,1.785
7.019,2067.39,593.126,87.292,48.124,0.015,48.124,0.006,5.494e4,8273.369,61.542,0.404,285.637,238.432,7761.828,2428.265,0.454,-2.514,729.043,1.799
7.069,2097.144,597.494,87.424,48.949,0.015,48.949,0.015,5.469e4,8018.034,61.465,0.403,285.156,238.498,7759.166,2443.141,0.451,-2.707,726.321,1.813
7.119,2127.116,601.868,87.561,49.781,0.016,49.781,0.023,5.443e4,7762.7,61.388,0.401,284.676,238.563,7756.503,2457.86,0.449,-2.902,723.579,1.827
7.169,2157.307,606.25,87.702,50.619,0.016,50.619,0.006,5.418e4,7507.366,61.311,0.4,284.254,238.63,7753.841,2472.396,0.446,-3.098,720.817,1.841
7.219,2187.718,610.638,87.849,51.465,0.016,51.465,0.021,5.392e4,7252.031,61.234,0.399,283.738,238.697,7751.179,2486.786,0.444,-3.296,718.035,1.855
7.269,2218.348,615.034,87.999,52.318,0.017,52.318,0.024,5.367e4,6996.697,61.157,0.397,283.245,238.764,7748.517,2501.013,0.441,-3.495,715.233,1.869
7.319,2249.197,619.438,88.152,53.18,0.017,53.18,0.001,5.341e4,6741.363,61.08,0.396,282.805,238.833,7745.855,2515.074,0.439,-3.695,712.411,1.883
7.369,2280.267,623.849,88.31,54.05,0.017,54.05,0.015,5.316e4,6486.029,61.003,0.395,282.261,238.902,7743.193,2528.97,0.436,-3.897,709.569,1.897
7.419,2311.558,628.269,88.474,54.926,0.018,54.926,0.014,5.29e4,6230.694,60.926,0.394,281.809,238.971,7740.53,2542.694,0.434,-4.101,706.706,1.911
7.469,2343.07,632.697,88.643,55.809,0.018,55.809,0.002,5.264e4,5975.36,60.849,0.392,281.397,239.042,7737.868,2556.237,0.432,-4.305,703.823,1.925
7.519,2374.803,637.133,88.817,56.699,0.019,56.7,0.005,5.239e4,5720.026,60.771,0.391,280.937,239.113,7735.206,2569.646,0.429,-4.512,700.929,1.939
7.569,2406.758,641.578,88.985,57.597,0.019,57.597,0.006,5.213e4,5464.692,60.694,0.39,280.474,239.184,7732.544,2583.407,0.427,-4.719,698.152,1.954
7.619,2438.936,646.032,89.157,58.503,0.019,58.503,0.003,5.188e4,5209.357,60.617,0.388,280.013,239.257,7729.882,2596.999,0.425,-4.929,695.356,1.968
7.669,2471.336,650.494,89.335,59.416,0.02,59.416,0.008,5.162e4,4954.023,60.539,0.387,279.519,239.33,7727.22,2610.42,0.423,-5.139,692.541,1.982
7.719,2503.959,654.965,89.518,60.336,0.02,60.336,0.001,5.137e4,4698.689,60.462,0.386,279.047,239.404,7724.557,2623.661,0.42,-5.351,689.706,1.997
7.769,2536.806,659.446,89.707,61.264,0.02,61.264,0.006,5.111e4,4443.355,60.384,0.385,278.593,239.478,7721.895,2636.735,0.418,-5.565,686.852,2.011
7.819,2569.878,663.936,89.901,62.2,0.02,62.2,0.006,5.086e4,4188.02,60.307,0.383,278.159,239.554,7719.233,2649.627,0.416,-5.78,683.979,2.026
7.869,2603.174,668.436,90.099,63.143,0.021,63.143,0.008,5.06e4,3932.686,60.229,0.382,277.71,239.63,7716.571,2662.357,0.414,-5.996,681.086,2.04
7.919,2636.695,672.946,90.303,64.094,0.021,64.094,0.01,5.035e4,3677.352,60.151,0.381,277.254,239.707,7713.909,2674.907,0.412,-6.214,678.173,2.055
7.969,2670.441,677.466,90.514,65.052,0.022,65.052,0.002,5.009e4,3422.017,60.074,0.38,276.813,239.784,7711.247,2687.259,0.409,-6.433,675.241,2.069
8.019,2704.414,681.997,90.733,66.017,0.022,66.017,0.022,4.984e4,3166.683,59.996,0.378,276.293,239.863,7708.584,2699.401,0.407,-6.654,672.289,2.084
8.069,2738.614,686.539,90.955,66.992,0.022,66.992,0.014,4.958e4,2911.349,59.918,0.377,275.833,239.942,7705.922,2711.372,0.405,-6.876,669.318,2.099
8.119,2773.04,691.092,91.181,67.975,0.023,67.975,0.011,4.933e4,2656.015,59.84,0.376,275.411,240.022,7703.26,2723.18,0.403,-7.1,666.326,2.114
8.169,2807.695,695.657,91.416,68.965,0.023,68.965,0.022,4.907e4,2400.68,59.762,0.374,274.951,240.103,7700.598,2734.787,0.401,-7.326,663.315,2.129
8.219,2842.578,700.234,91.657,69.961,0.024,69.961,0.017,4.881e4,2145.346,59.684,0.373,274.525,240.185,7697.936,2746.194,0.399,-7.552,660.284,2.143
8.269,2877.69,704.823,91.903,70.965,0.024,70.965,0.002,4.856e4,1890.012,59.606,0.372,274.112,240.267,7695.274,2757.498,0.397,-7.78,657.254,2.158
8.319,2913.031,709.424,92.145,71.976,0.025,71.976,0.013,4.83e4,1634.678,59.528,0.371,273.627,240.351,7692.611,2769.185,0.395,-8.01,654.339,2.173
8.369,2948.603,714.037,92.393,72.996,0.025,72.996,0.019,4.805e4,1379.343,59.449,0.369,273.148,240.435,7689.949,2780.68,0.393,-8.241,651.405,2.188
8.419,2984.406,718.663,92.647,74.025,0.025,74.025,0.018,4.779e4,1124.009,59.371,0.368,272.688,240.521,7687.287,2791.968,0.391,-8.474,648.452,2.204
8.469,3020.44,723.301,92.907,75.063,0.025,75.063,0.011,4.754e4,868.675,59.293,0.367,272.283,240.607,7684.625,2803.055,0.389,-8.708,645.48,2.219
8.5,3042.549,726.139,93.069,75.701,0.026,75.701,0.004,4.738e4,712.819,59.245,0.366,272.038,240.66,7683,2809.733,0.387,-8.852,643.657,2.228
8.503,3044.364,726.087,43.747,75.753,0.026,75.753,0.003,4.738e4,708.885,59.243,0.366,272.043,240.661,1199.7,2808.906,0.387,-8.864,643.507,2.228
8.506,3047.085,725.923,43.73,75.832,0.026,75.832,0.002,4.738e4,706.221,59.243,0.366,272.057,240.662,1198.949,2807.256,0.387,-8.882,643.283,2.228
8.512,3051.166,725.677,43.704,75.949,0.026,75.949,0.004,4.737e4,702.226,59.241,0.366,272.072,240.664,1197.823,2804.783,0.387,-8.908,642.946,2.227
8.52,3057.285,725.308,43.666,76.126,0.026,76.126,0.007,4.737e4,696.232,59.24,0.366,272.09,240.666,1196.134,2801.078,0.388,-8.948,642.441,2.226
8.533,3066.457,724.756,43.608,76.391,0.026,76.391,0.013,4.736e4,687.242,59.237,0.366,272.116,240.669,1193.6,2795.529,0.388,-9.007,641.685,2.224
8.552,3080.203,723.929,43.523,76.787,0.026,76.787,0.02,4.734e4,673.757,59.233,0.366,272.16,240.673,1189.799,2787.224,0.388,-9.097,640.551,2.222
8.58,3100.792,722.692,43.396,77.381,0.026,77.381,0.021,4.732e4,653.529,59.226,0.366,272.251,240.68,1184.098,2774.798,0.388,-9.231,638.853,2.219
8.623,3131.609,720.842,43.206,78.269,0.027,78.269,0.016,4.729e4,623.187,59.217,0.366,272.399,240.691,1175.547,2756.271,0.389,-9.431,636.311,2.214
8.673,3167.582,718.687,42.987,79.306,0.027,79.306,0.004,4.726e4,587.67,59.206,0.365,272.588,240.703,1165.537,2734.735,0.39,-9.665,633.345,2.209
8.723,3203.448,716.543,42.773,80.34,0.028,80.34,0.013,4.722e4,552.153,59.195,0.365,272.721,240.715,1155.527,2713.356,0.391,-9.898,630.386,2.203
8.773,3239.207,714.41,42.562,81.371,0.028,81.371,0.016,4.719e4,516.636,59.184,0.365,272.878,240.727,1145.517,2692.147,0.391,-10.13,627.437,2.197
8.823,3274.86,712.287,42.351,82.4,0.029,82.4,0.01,4.715e4,481.119,59.173,0.365,273.07,240.739,1135.507,2671.095,0.392,-10.362,624.497,2.192
8.873,3310.406,710.175,42.143,83.427,0.029,83.427,0.006,4.712e4,445.602,59.162,0.365,273.253,240.752,1125.497,2650.181,0.393,-10.593,621.565,2.186
8.923,3345.848,708.073,41.938,84.451,0.029,84.451,0.009,4.708e4,410.085,59.152,0.365,273.416,240.764,1115.487,2629.433,0.394,-10.824,618.642,2.181
8.973,3381.184,705.981,41.742,85.473,0.03,85.473,0.029,4.704e4,374.568,59.141,0.364,273.536,240.776,1105.477,2609.02,0.394,-11.053,615.762,2.175
9.023,3416.416,703.899,41.557,86.49,0.03,86.49,0.019,4.701e4,339.051,59.13,0.364,273.729,240.789,1095.467,2589.212,0.395,-11.282,613.005,2.17
9.073,3451.545,701.825,41.376,87.504,0.031,87.504,0.004,4.697e4,303.535,59.119,0.364,273.932,240.801,1085.457,2569.537,0.396,-11.511,610.257,2.164
9.123,3486.57,699.761,41.198,88.515,0.031,88.515,0.013,4.694e4,268.018,59.108,0.364,274.075,240.813,1075.447,2550.022,0.397,-11.738,607.517,2.159
9.173,3521.492,697.706,41.023,89.524,0.032,89.524,0.018,4.69e4,232.501,59.097,0.364,274.227,240.826,1065.437,2530.644,0.397,-11.965,604.785,2.153
9.223,3556.311,695.659,40.849,90.531,0.033,90.531,0.015,4.687e4,196.984,59.086,0.363,274.395,240.838,1055.427,2511.388,0.398,-12.192,602.06,2.148
9.273,3591.029,693.621,40.675,91.536,0.033,91.536,0.003,4.683e4,161.467,59.075,0.363,274.588,240.85,1045.417,2492.272,0.399,-12.417,599.344,2.142
9.323,3625.645,691.591,40.507,92.538,0.033,92.538,0.012,4.68e4,125.95,59.064,0.363,274.724,240.863,1035.407,2473.289,0.4,-12.642,596.636,2.137
9.373,3660.159,689.57,40.341,93.537,0.034,93.537,0.011,4.676e4,90.433,59.053,0.363,274.883,240.875,1025.396,2454.434,0.4,-12.867,593.935,2.132
9.423,3694.573,687.557,40.178,94.533,0.034,94.533,0.012,4.672e4,54.916,59.042,0.363,275.038,240.888,1015.386,2435.723,0.401,-13.09,591.243,2.126
9.473,3728.886,685.552,40.017,95.526,0.035,95.526,0.006,4.669e4,19.399,59.031,0.363,275.208,240.9,1005.376,2417.139,0.402,-13.313,588.558,2.121
9.5,3747.275,684.479,39.932,96.059,0.035,96.059,0.002,4.667e4,0.323,59.025,0.362,275.301,240.907,1000,2407.215,0.402,-13.433,587.12,2.118
9.503,3748.985,684.334,61.336,96.108,0.035,96.108,0.001,4.667e4,0,59.025,0.362,275.314,240.907,0,2406.096,0.402,-13.444,586.986,2.118
9.506,3751.55,684.105,61.298,96.182,0.035,96.182,3.277e-4,4.667e4,0,59.025,0.362,275.335,240.907,0,2404.361,0.402,-13.461,586.785,2.117
9.512,3755.396,683.76,61.243,96.294,0.035,96.294,0.001,4.667e4,0,59.025,0.362,275.36,240.907,0,2401.76,0.403,-13.486,586.484,2.116
9.52,3761.16,683.244,61.159,96.46,0.036,96.46,0.003,4.667e4,0,59.025,0.362,275.397,240.907,0,2397.865,0.403,-13.523,586.033,2.115
9.533,3769.799,682.47,61.035,96.71,0.036,96.71,0.006,4.667e4,0,59.025,0.362,275.452,240.907,0,2392.036,0.403,-13.579,585.357,2.113
9.552,3782.739,681.313,60.848,97.085,0.036,97.085,0.01,4.667e4,0,59.025,0.362,275.535,240.907,0,2383.321,0.404,-13.663,584.345,2.109
9.58,3802.108,679.585,60.571,97.646,0.036,97.646,0.019,4.667e4,0,59.025,0.362,275.653,240.907,0,2370.309,0.404,-13.789,582.83,2.105
9.623,3831.069,677.006,60.156,98.485,0.037,98.485,0.021,4.667e4,0,59.025,0.362,275.864,240.907,0,2350.947,0.405,-13.977,580.564,2.097
9.673,3864.83,674.01,59.674,99.464,0.037,99.464,0.015,4.667e4,0,59.025,0.362,276.154,240.907,0,2328.513,0.407,-14.197,577.922,2.089
9.723,3898.442,671.039,59.206,100.439,0.038,100.439,0.009,4.667e4,0,59.025,0.362,276.441,240.907,0,2306.746,0.408,-14.415,575.396,2.081
9.773,3931.906,668.09,58.748,101.41,0.038,101.41,0.029,4.667e4,0,59.025,0.362,276.654,240.907,0,2285.373,0.409,-14.633,572.914,2.072
9.823,3965.223,665.164,58.294,102.376,0.039,102.376,0.023,4.667e4,0,59.025,0.362,276.931,240.907,0,2264.202,0.41,-14.849,570.443,2.064
9.873,3998.395,662.26,57.845,103.336,0.04,103.336,0.003,4.667e4,0,59.025,0.362,277.239,240.907,0,2243.26,0.411,-15.065,567.983,2.056
9.923,4031.422,659.379,57.404,104.293,0.04,104.293,0.022,4.667e4,0,59.025,0.362,277.443,240.907,0,2222.544,0.413,-15.28,565.533,2.048
9.973,4064.305,656.52,56.966,105.246,0.041,105.246,0.031,4.667e4,0,59.025,0.362,277.669,240.907,0,2202.043,0.414,-15.493,563.094,2.04
10.023,4097.046,653.683,56.53,106.197,0.042,106.197,0.019,4.667e4,0,59.025,0.362,277.945,240.907,0,2181.767,0.415,-15.706,560.666,2.032
10.073,4129.646,650.867,56.097,107.144,0.042,107.144,0.007,4.667e4,0,59.025,0.362,278.216,240.907,0,2161.705,0.416,-15.918,558.248,2.024
10.123,4162.106,648.073,55.673,108.087,0.043,108.087,0.028,4.667e4,0,59.025,0.362,278.398,240.907,0,2141.869,0.417,-16.129,555.841,2.016
10.173,4194.427,645.3,55.253,109.025,0.044,109.025,0.036,4.667e4,0,59.025,0.362,278.609,240.907,0,2122.251,0.419,-16.339,553.444,2.008
10.223,4226.609,642.548,54.835,109.958,0.045,109.958,0.02,4.667e4,0,59.025,0.362,278.877,240.907,0,2102.822,0.42,-16.548,551.057,2
10.273,4258.655,639.816,54.425,110.887,0.046,110.887,0.012,4.667e4,0,59.025,0.362,279.164,240.907,0,2083.608,0.421,-16.757,548.68,1.992
10.323,4290.564,637.105,54.022,111.812,0.046,111.812,0.037,4.667e4,0,59.025,0.362,279.359,240.907,0,2064.594,0.422,-16.964,546.313,1.985
10.373,4322.339,634.414,53.617,112.735,0.047,112.735,0.031,4.667e4,0,59.025,0.362,279.63,240.907,0,2045.779,0.423,-17.171,543.956,1.977
10.423,4353.979,631.744,53.214,113.655,0.047,113.655,0.004,4.667e4,0,59.025,0.362,279.95,240.907,0,2027.168,0.425,-17.376,541.61,1.97
10.473,4385.487,629.093,52.822,114.571,0.048,114.571,0.011,4.667e4,0,59.025,0.362,280.181,240.907,0,2008.913,0.426,-17.581,539.322,1.962
10.523,4416.862,626.461,52.441,115.484,0.049,115.484,0.015,4.667e4,0,59.025,0.362,280.416,240.907,0,1991.124,0.427,-17.785,537.117,1.955
10.573,4448.107,623.849,52.064,116.392,0.05,116.392,0.012,4.667e4,0,59.025,0.362,280.662,240.907,0,1973.519,0.428,-17.988,534.922,1.947
10.623,4479.221,621.255,51.69,117.297,0.05,117.297,0.006,4.667e4,0,59.025,0.362,280.915,240.907,0,1956.091,0.429,-18.19,532.736,1.94
10.673,4510.206,618.68,51.321,118.197,0.051,118.197,0.002,4.667e4,0,59.025,0.362,281.158,240.907,0,1938.861,0.431,-18.392,530.559,1.933
10.723,4541.063,616.123,50.956,119.094,0.052,119.094,0.008,4.667e4,0,59.025,0.362,281.373,240.907,0,1921.794,0.432,-18.592,528.391,1.925
10.773,4571.793,613.584,50.594,119.988,0.053,119.988,0.008,4.667e4,0,59.025,0.362,281.599,240.907,0,1904.902,0.433,-18.792,526.231,1.918
10.823,4602.396,611.063,50.235,120.879,0.053,120.879,0.002,4.667e4,0,59.025,0.362,281.836,240.907,0,1888.193,0.434,-18.991,524.081,1.911
10.873,4632.874,608.56,49.88,121.766,0.054,121.766,0.003,4.667e4,0,59.025,0.362,282.055,240.907,0,1871.637,0.435,-19.189,521.94,1.904
10.923,4663.227,606.075,49.529,122.65,0.055,122.65,0.003,4.667e4,0,59.025,0.362,282.29,240.907,0,1855.25,0.436,-19.386,519.807,1.897
10.973,4693.456,603.607,49.181,123.53,0.056,123.53,0.015,4.667e4,0,59.025,0.362,282.511,240.907,0,1839.052,0.438,-19.583,517.683,1.89
11.023,4723.562,601.157,48.837,124.407,0.057,124.407,0.016,4.667e4,0,59.025,0.362,282.758,240.907,0,1823.005,0.439,-19.779,515.568,1.883
11.073,4753.546,598.724,48.498,125.279,0.058,125.279,0.006,4.667e4,0,59.025,0.362,283.03,240.907,0,1807.106,0.44,-19.974,513.461,1.876
11.123,4783.409,596.307,48.162,126.149,0.058,126.149,0.022,4.667e4,0,59.025,0.362,283.231,240.907,0,1791.371,0.441,-20.168,511.363,1.869
11.173,4813.152,593.907,47.828,127.016,0.059,127.016,0.023,4.667e4,0,59.025,0.362,283.466,240.907,0,1775.784,0.442,-20.361,509.273,1.862
11.223,4842.775,591.524,47.496,127.88,0.06,127.88,0.008,4.667e4,0,59.025,0.362,283.741,240.907,0,1760.362,0.443,-20.554,507.192,1.855
11.273,4872.28,589.158,47.168,128.741,0.06,128.741,0.014,4.667e4,0,59.025,0.362,283.957,240.907,0,1745.098,0.445,-20.745,505.119,1.849
11.323,4901.666,586.807,46.852,129.599,0.061,129.599,0.025,4.667e4,0,59.025,0.362,284.154,240.907,0,1730.35,0.446,-20.936,503.161,1.842
11.373,4930.936,584.473,46.539,130.452,0.062,130.452,0.019,4.667e4,0,59.025,0.362,284.395,240.907,0,1715.755,0.447,-21.127,501.214,1.835
11.423,4960.089,582.154,46.229,131.302,0.063,131.302,0.005,4.667e4,0,59.025,0.362,284.653,240.907,0,1701.303,0.448,-21.316,499.275,1.829
11.473,4989.127,579.85,45.924,132.148,0.064,132.148,0.018,4.667e4,0,59.025,0.362,284.838,240.907,0,1686.982,0.449,-21.505,497.344,1.822
11.523,5018.049,577.561,45.621,132.992,0.064,132.992,0.023,4.667e4,0,59.025,0.362,285.038,240.907,0,1672.811,0.451,-21.693,495.42,1.816
11.573,5046.858,575.288,45.319,133.834,0.065,133.834,0.013,4.667e4,0,59.025,0.362,285.277,240.907,0,1658.778,0.452,-21.88,493.504,1.809
11.623,5075.554,573.029,45.02,134.672,0.066,134.672,0.005,4.667e4,0,59.025,0.362,285.507,240.907,0,1644.862,0.453,-22.067,491.595,1.803
11.673,5104.137,570.786,44.724,135.508,0.067,135.508,0.013,4.667e4,0,59.025,0.362,285.716,240.907,0,1631.096,0.454,-22.252,489.694,1.796
11.723,5132.608,568.557,44.432,136.34,0.068,136.34,0.021,4.667e4,0,59.025,0.362,285.942,240.907,0,1617.466,0.455,-22.437,487.8,1.79
11.773,5160.969,566.343,44.142,137.169,0.068,137.169,0.01,4.667e4,0,59.025,0.362,286.213,240.907,0,1603.949,0.456,-22.622,485.914,1.783
11.823,5189.219,564.143,43.856,137.994,0.069,137.994,0.005,4.667e4,0,59.025,0.362,286.466,240.907,0,1590.569,0.457,-22.805,484.034,1.777
11.873,5217.359,561.957,43.574,138.817,0.07,138.817,0.018,4.667e4,0,59.025,0.362,286.666,240.907,0,1577.32,0.459,-22.988,482.163,1.771
11.923,5245.391,559.785,43.293,139.636,0.071,139.636,0.026,4.667e4,0,59.025,0.362,286.877,240.907,0,1564.183,0.46,-23.171,480.298,1.765
11.973,5273.314,557.628,43.013,140.454,0.071,140.454,0.016,4.667e4,0,59.025,0.362,287.133,240.907,0,1551.171,0.461,-23.352,478.441,1.758
12.023,5301.13,555.484,42.735,141.269,0.072,141.269,0.007,4.667e4,0,59.025,0.362,287.38,240.907,0,1538.297,0.462,-23.533,476.591,1.752
12.073,5328.839,553.354,42.461,142.081,0.073,142.081,0.025,4.667e4,0,59.025,0.362,287.554,240.907,0,1525.545,0.463,-23.713,474.748,1.746
12.123,5356.442,551.238,42.19,142.89,0.074,142.89,0.022,4.667e4,0,59.025,0.362,287.78,240.907,0,1512.895,0.464,-23.892,472.912,1.74
12.173,5383.939,549.135,41.925,143.695,0.075,143.695,0.007,4.667e4,0,59.025,0.362,288.034,240.907,0,1500.506,0.466,-24.071,471.122,1.734
12.223,5411.332,547.045,41.667,144.497,0.075,144.497,0.007,4.667e4,0,59.025,0.362,288.245,240.907,0,1488.421,0.467,-24.249,469.398,1.728
12.273,5438.62,544.968,41.41,145.297,0.076,145.297,0.01,4.667e4,0,59.025,0.362,288.444,240.907,0,1476.446,0.468,-24.427,467.681,1.722
12.323,5465.806,542.904,41.157,146.094,0.077,146.094,0.014,4.667e4,0,59.025,0.362,288.641,240.907,0,1464.584,0.469,-24.603,465.971,1.716
12.373,5492.888,540.853,40.904,146.888,0.077,146.888,0.003,4.667e4,0,59.025,0.362,288.87,240.907,0,1452.838,0.47,-24.779,464.266,1.71
12.423,5519.868,538.814,40.654,147.68,0.078,147.68,0.007,4.667e4,0,59.025,0.362,289.059,240.907,0,1441.192,0.471,-24.955,462.569,1.704
12.473,5546.746,536.787,40.406,148.469,0.079,148.469,0.003,4.667e4,0,59.025,0.362,289.28,240.907,0,1429.641,0.473,-25.129,460.877,1.699
12.523,5573.524,534.773,40.161,149.256,0.079,149.256,3.369e-4,4.667e4,0,59.025,0.362,289.529,240.907,0,1418.21,0.474,-25.303,459.193,1.693
12.573,5600.201,532.771,39.919,150.039,0.08,150.039,0.002,4.667e4,0,59.025,0.362,289.762,240.907,0,1406.877,0.475,-25.477,457.514,1.687
12.623,5626.778,530.781,39.677,150.82,0.081,150.82,0.005,4.667e4,0,59.025,0.362,289.99,240.907,0,1395.648,0.476,-25.65,455.842,1.681
12.673,5653.256,528.803,39.439,151.598,0.082,151.598,0.009,4.667e4,0,59.025,0.362,290.21,240.907,0,1384.536,0.477,-25.822,454.175,1.675
12.723,5679.636,526.837,39.203,152.374,0.082,152.374,0.002,4.667e4,0,59.025,0.362,290.456,240.907,0,1373.511,0.478,-25.993,452.516,1.67
12.773,5705.917,524.883,38.969,153.147,0.083,153.147,0.002,4.667e4,0,59.025,0.362,290.681,240.907,0,1362.592,0.48,-26.164,450.862,1.664
12.823,5732.101,522.94,38.737,153.917,0.084,153.917,0.005,4.667e4,0,59.025,0.362,290.892,240.907,0,1351.775,0.481,-26.334,449.214,1.659
12.873,5758.189,521.009,38.508,154.684,0.085,154.684,0.009,4.667e4,0,59.025,0.362,291.099,240.907,0,1341.051,0.482,-26.504,447.573,1.653
12.923,5784.18,519.09,38.281,155.449,0.085,155.449,0.013,4.667e4,0,59.025,0.362,291.305,240.907,0,1330.421,0.483,-26.673,445.937,1.647
12.973,5810.076,517.181,38.054,156.212,0.086,156.212,0.001,4.667e4,0,59.025,0.362,291.544,240.907,0,1319.889,0.484,-26.841,444.308,1.642
13.023,5835.876,515.284,37.83,156.973,0.087,156.973,0.011,4.667e4,0,59.025,0.362,291.726,240.907,0,1309.463,0.485,-27.009,442.684,1.636
13.073,5861.582,513.398,37.608,157.73,0.088,157.73,0.018,4.667e4,0,59.025,0.362,291.913,240.907,0,1299.135,0.486,-27.176,441.067,1.631
13.123,5887.194,511.523,37.392,158.485,0.089,158.485,0.019,4.667e4,0,59.025,0.362,292.112,240.907,0,1289.041,0.488,-27.342,439.504,1.626
13.173,5912.712,509.659,37.18,159.237,0.089,159.237,0.002,4.667e4,0,59.025,0.362,292.353,240.907,0,1279.134,0.489,-27.508,437.986,1.62
13.223,5938.138,507.805,36.971,159.986,0.09,159.986,0.014,4.667e4,0,59.025,0.362,292.517,240.907,0,1269.337,0.49,-27.673,436.474,1.615
13.273,5963.471,505.962,36.765,160.733,0.091,160.733,0.028,4.667e4,0,59.025,0.362,292.676,240.907,0,1259.614,0.491,-27.838,434.967,1.609
13.323,5988.712,504.129,36.559,161.478,0.092,161.478,0.036,4.667e4,0,59.025,0.362,292.847,240.907,0,1249.958,0.492,-28.002,433.466,1.604
13.373,6013.862,502.306,36.351,162.222,0.092,162.222,0.016,4.667e4,0,59.025,0.362,293.097,240.907,0,1240.388,0.493,-28.166,431.97,1.599
13.423,6038.921,500.494,36.146,162.964,0.093,162.964,0.005,4.667e4,0,59.025,0.362,293.364,240.907,0,1230.912,0.495,-28.328,430.479,1.593
13.473,6063.89,498.692,35.944,163.703,0.094,163.703,0.024,4.667e4,0,59.025,0.362,293.553,240.907,0,1221.517,0.496,-28.491,428.994,1.588
13.523,6088.768,496.9,35.745,164.439,0.095,164.439,0.046,4.667e4,0,59.025,0.362,293.731,240.907,0,1212.217,0.497,-28.652,427.514,1.583
13.573,6113.558,495.117,35.547,165.172,0.095,165.172,0.037,4.667e4,0,59.025,0.362,293.982,240.907,0,1202.99,0.498,-28.814,426.039,1.578
13.623,6138.259,493.345,35.352,165.901,0.096,165.901,0.003,4.667e4,0,59.025,0.362,294.29,240.907,0,1193.845,0.499,-28.974,424.57,1.573
13.673,6162.871,491.582,35.162,166.628,0.097,166.628,0.034,4.667e4,0,59.025,0.362,294.436,240.907,0,1184.78,0.5,-29.134,423.106,1.568
13.723,6187.396,489.829,34.972,167.354,0.098,167.354,0.05,4.667e4,0,59.025,0.362,294.615,240.907,0,1175.787,0.502,-29.294,421.647,1.562
13.773,6211.833,488.086,34.778,168.079,0.099,168.079,0.039,4.667e4,0,59.025,0.362,294.857,240.907,0,1166.87,0.503,-29.452,420.194,1.557
13.823,6236.183,486.352,34.585,168.802,0.099,168.802,0.011,4.667e4,0,59.025,0.362,295.137,240.907,0,1158.032,0.504,-29.611,418.746,1.552
13.873,6260.447,484.627,34.396,169.523,0.1,169.523,0.034,4.667e4,0,59.025,0.362,295.287,240.907,0,1149.282,0.505,-29.768,417.302,1.547
13.923,6284.624,482.912,34.211,170.241,0.101,170.241,0.06,4.667e4,0,59.025,0.362,295.43,240.907,0,1140.609,0.506,-29.926,415.864,1.542
13.973,6308.717,481.206,34.026,170.955,0.102,170.955,0.048,4.667e4,0,59.025,0.362,295.659,240.907,0,1132.004,0.507,-30.082,414.431,1.537
14.023,6332.724,479.51,33.842,171.667,0.102,171.667,0.017,4.667e4,0,59.025,0.362,295.933,240.907,0,1123.483,0.509,-30.238,413.003,1.532
14.073,6356.647,477.822,33.666,172.375,0.103,172.375,0.034,4.667e4,0,59.025,0.362,296.088,240.907,0,1115.027,0.51,-30.394,411.58,1.527
14.123,6380.485,476.143,33.496,173.082,0.104,173.083,0.07,4.667e4,0,59.025,0.362,296.194,240.907,0,1106.707,0.511,-30.549,410.187,1.522
14.173,6404.24,474.473,33.321,173.789,0.105,173.789,0.068,4.667e4,0,59.025,0.362,296.39,240.907,0,1098.595,0.512,-30.703,408.852,1.518
14.223,6427.912,472.812,33.141,174.495,0.106,174.495,0.031,4.667e4,0,59.025,0.362,296.666,240.907,0,1090.546,0.513,-30.857,407.522,1.513
14.273,6451.5,471.159,32.966,175.199,0.106,175.199,0.027,4.667e4,0,59.025,0.362,296.86,240.907,0,1082.574,0.515,-31.01,406.197,1.508
14.323,6475.007,469.515,32.8,175.901,0.107,175.901,0.075,4.667e4,0,59.025,0.362,296.926,240.907,0,1074.686,0.516,-31.163,404.876,1.503
14.373,6498.431,467.88,32.634,176.599,0.108,176.599,0.087,4.667e4,0,59.025,0.362,297.087,240.907,0,1066.865,0.517,-31.315,403.56,1.498
14.423,6521.774,466.253,32.462,177.293,0.109,177.293,0.044,4.667e4,0,59.025,0.362,297.38,240.907,0,1059.092,0.518,-31.467,402.248,1.493
14.473,6545.036,464.634,32.3,177.985,0.109,177.985,0.021,4.667e4,0,59.025,0.362,297.612,240.907,0,1051.389,0.519,-31.618,400.941,1.489
14.523,6568.217,463.023,32.145,178.674,0.11,178.674,0.064,4.667e4,0,59.025,0.362,297.674,240.907,0,1043.766,0.52,-31.769,399.639,1.484
14.573,6591.318,461.42,31.987,179.363,0.111,179.363,0.082,4.667e4,0,59.025,0.362,297.781,240.907,0,1036.192,0.522,-31.919,398.341,1.479
14.623,6614.339,459.825,31.819,180.052,0.112,180.052,0.054,4.667e4,0,59.025,0.362,297.982,240.907,0,1028.681,0.523,-32.069,397.047,1.475
14.673,6637.28,458.238,31.651,180.739,0.112,180.739,0.017,4.667e4,0,59.025,0.362,298.196,240.907,0,1021.242,0.524,-32.218,395.758,1.47
14.723,6660.142,456.66,31.495,181.425,0.113,181.425,0.071,4.667e4,0,59.025,0.362,298.179,240.907,0,1013.879,0.525,-32.366,394.474,1.465
14.773,6682.926,455.089,31.338,182.106,0.114,182.106,0.07,4.667e4,0,59.025,0.362,298.284,240.907,0,1006.541,0.526,-32.515,393.194,1.461
14.823,6705.631,453.526,31.18,182.785,0.115,182.785,0.034,4.667e4,0,59.025,0.362,298.461,240.907,0,999.278,0.528,-32.662,391.918,1.456
14.873,6728.258,451.971,31.027,183.461,0.115,183.461,0.003,4.667e4,0,59.025,0.362,298.616,240.907,0,992.092,0.529,-32.809,390.647,1.452
14.923,6750.808,450.424,30.88,184.135,0.116,184.135,0.049,4.667e4,0,59.025,0.362,298.577,240.907,0,984.96,0.53,-32.956,389.38,1.447
14.973,6773.281,448.884,30.734,184.808,0.117,184.808,0.074,4.667e4,0,59.025,0.362,298.582,240.907,0,977.876,0.531,-33.102,388.117,1.442
15.023,6795.676,447.351,30.576,185.48,0.118,185.48,0.041,4.667e4,0,59.025,0.362,298.712,240.907,0,970.853,0.532,-33.247,386.859,1.438
15.073,6817.996,445.826,30.422,186.151,0.118,186.152,0.002,4.667e4,0,59.025,0.362,298.851,240.907,0,963.9,0.534,-33.392,385.605,1.433
15.123,6840.239,444.309,30.273,186.821,0.119,186.821,0.035,4.667e4,0,59.025,0.362,298.811,240.907,0,957,0.535,-33.537,384.355,1.429
15.173,6862.407,442.799,30.127,187.488,0.12,187.488,0.056,4.667e4,0,59.025,0.362,298.791,240.907,0,950.157,0.536,-33.681,383.109,1.424
15.223,6884.499,441.296,29.983,188.152,0.121,188.152,0.053,4.667e4,0,59.025,0.362,298.823,240.907,0,943.45,0.537,-33.825,381.904,1.42
15.273,6906.516,439.801,29.842,188.813,0.121,188.813,0.025,4.667e4,0,59.025,0.362,298.906,240.907,0,936.905,0.539,-33.968,380.737,1.416
15.323,6928.459,438.312,29.706,189.471,0.122,189.471,0.015,4.667e4,0,59.025,0.362,298.94,240.907,0,930.41,0.54,-34.11,379.573,1.411
15.373,6950.328,436.83,29.573,190.129,0.123,190.129,0.053,4.667e4,0,59.025,0.362,298.851,240.907,0,923.963,0.541,-34.253,378.413,1.407
15.423,6972.123,435.355,29.439,190.785,0.124,190.785,0.069,4.667e4,0,59.025,0.362,298.812,240.907,0,917.554,0.542,-34.394,377.257,1.403
15.473,6993.844,433.887,29.296,191.44,0.125,191.44,0.035,4.667e4,0,59.025,0.362,298.885,240.907,0,911.203,0.543,-34.535,376.106,1.398
15.523,7015.492,432.426,29.157,192.095,0.125,192.095,0.01,4.667e4,0,59.025,0.362,298.93,240.907,0,904.922,0.545,-34.676,374.957,1.394
15.573,7037.067,430.972,29.023,192.747,0.126,192.747,0.036,4.667e4,0,59.025,0.362,298.85,240.907,0,898.681,0.546,-34.816,373.813,1.39
15.623,7058.569,429.524,28.89,193.397,0.127,193.397,0.041,4.667e4,0,59.025,0.362,298.814,240.907,0,892.479,0.547,-34.956,372.673,1.385
15.673,7080,428.083,28.758,194.045,0.127,194.045,0.032,4.667e4,0,59.025,0.362,298.806,240.907,0,886.321,0.548,-35.095,371.536,1.381
15.723,7101.358,426.648,28.628,194.69,0.128,194.69,0.031,4.667e4,0,59.025,0.362,298.776,240.907,0,880.253,0.55,-35.234,370.404,1.377
15.773,7122.645,425.22,28.499,195.333,0.129,195.333,0.014,4.667e4,0,59.025,0.362,298.779,240.907,0,874.234,0.551,-35.373,369.275,1.372
15.823,7143.861,423.798,28.373,195.974,0.13,195.974,0.02,4.667e4,0,59.025,0.362,298.723,240.907,0,868.249,0.552,-35.511,368.15,1.368
15.873,7165.006,422.383,28.249,196.613,0.131,196.613,0.04,4.667e4,0,59.025,0.362,298.63,240.907,0,862.31,0.554,-35.648,367.028,1.364
15.923,7186.08,420.973,28.123,197.252,0.131,197.252,0.046,4.667e4,0,59.025,0.362,298.566,240.907,0,856.406,0.555,-35.785,365.911,1.36
15.973,7207.084,419.571,27.997,197.889,0.132,197.889,0.041,4.667e4,0,59.025,0.362,298.524,240.907,0,850.577,0.556,-35.922,364.797,1.356
16.023,7228.018,418.174,27.87,198.525,0.133,198.525,0.016,4.667e4,0,59.025,0.362,298.527,240.907,0,844.786,0.557,-36.058,363.687,1.352
16.073,7248.882,416.784,27.744,199.16,0.134,199.16,0.026,4.667e4,0,59.025,0.362,298.444,240.907,0,839.045,0.559,-36.193,362.58,1.347
16.123,7269.677,415.4,27.622,199.792,0.134,199.793,0.05,4.667e4,0,59.025,0.362,298.32,240.907,0,833.342,0.56,-36.328,361.477,1.343
16.173,7290.403,414.022,27.5,200.423,0.135,200.423,0.047,4.667e4,0,59.025,0.362,298.261,240.907,0,827.678,0.561,-36.463,360.378,1.339
16.223,7311.06,412.65,27.381,201.05,0.136,201.05,0.043,4.667e4,0,59.025,0.362,298.203,240.907,0,822.102,0.563,-36.597,359.283,1.335
16.273,7331.649,411.284,27.262,201.675,0.137,201.676,0.016,4.667e4,0,59.025,0.362,298.196,240.907,0,816.556,0.564,-36.731,358.191,1.331
16.323,7352.17,409.923,27.149,202.299,0.137,202.299,0.037,4.667e4,0,59.025,0.362,298.069,240.907,0,811.039,0.565,-36.865,357.103,1.327
16.373,7372.622,408.569,27.036,202.921,0.138,202.921,0.069,4.667e4,0,59.025,0.362,297.914,240.907,0,805.565,0.566,-36.998,356.018,1.323
16.423,7393.008,407.22,26.922,203.543,0.139,203.543,0.063,4.667e4,0,59.025,0.362,297.847,240.907,0,800.272,0.568,-37.13,354.997,1.319
16.473,7413.326,405.877,26.807,204.163,0.14,204.163,0.047,4.667e4,0,59.025,0.362,297.804,240.907,0,795.041,0.569,-37.262,353.981,1.315
16.523,7433.577,404.54,26.692,204.783,0.14,204.783,0.014,4.667e4,0,59.025,0.362,297.802,240.907,0,789.842,0.57,-37.394,352.968,1.311
16.573,7453.761,403.208,26.579,205.402,0.141,205.402,0.03,4.667e4,0,59.025,0.362,297.676,240.907,0,784.686,0.572,-37.525,351.959,1.307
16.623,7473.879,401.882,26.469,206.018,0.142,206.018,0.053,4.667e4,0,59.025,0.362,297.529,240.907,0,779.56,0.573,-37.656,350.953,1.303
16.673,7493.93,400.561,26.363,206.632,0.143,206.632,0.065,4.667e4,0,59.025,0.362,297.41,240.907,0,774.599,0.575,-37.786,349.95,1.299
16.723,7513.916,399.246,26.265,207.243,0.144,207.243,0.053,4.667e4,0,59.025,0.362,297.345,240.907,0,770.064,0.576,-37.916,348.95,1.295
16.773,7533.836,397.935,26.169,207.853,0.144,207.853,0.019,4.667e4,0,59.025,0.362,297.339,240.907,0,765.543,0.578,-38.045,347.954,1.291
16.823,7553.691,396.629,26.075,208.46,0.145,208.46,0.021,4.667e4,0,59.025,0.362,297.238,240.907,0,761.047,0.58,-38.174,346.961,1.287
16.873,7573.481,395.328,25.984,209.066,0.146,209.066,0.062,4.667e4,0,59.025,0.362,297.035,240.907,0,756.573,0.582,-38.303,345.971,1.283
16.923,7593.205,394.031,25.891,209.671,0.147,209.671,0.066,4.667e4,0,59.025,0.362,296.928,240.907,0,752.229,0.583,-38.431,344.984,1.279
16.973,7612.865,392.739,25.809,210.276,0.147,210.276,0.032,4.667e4,0,59.025,0.362,296.915,240.907,0,748.593,0.586,-38.559,344.001,1.276
17.023,7632.461,391.45,25.728,210.879,0.148,210.879,0.008,4.667e4,0,59.025,0.362,296.874,240.907,0,744.963,0.588,-38.686,343.021,1.272
17.073,7651.992,390.166,25.649,211.481,0.149,211.481,0.038,4.667e4,0,59.025,0.362,296.694,240.907,0,741.338,0.59,-38.813,342.044,1.268
17.123,7671.459,388.885,25.571,212.081,0.15,212.081,0.048,4.667e4,0,59.025,0.362,296.564,240.907,0,737.711,0.593,-38.94,341.07,1.264
17.173,7690.862,387.609,25.493,212.679,0.15,212.679,0.041,4.667e4,0,59.025,0.362,296.478,240.907,0,734.083,0.595,-39.066,340.1,1.26
17.223,7710.201,386.336,25.427,213.274,0.151,213.274,0.028,4.667e4,0,59.025,0.362,296.405,240.907,0,730.993,0.598,-39.192,339.133,1.256
17.273,7729.477,385.066,25.362,213.868,0.152,213.868,0.009,4.667e4,0,59.025,0.362,296.349,240.907,0,727.923,0.601,-39.317,338.169,1.253
17.323,7748.69,383.8,25.298,214.46,0.153,214.46,0.018,4.667e4,0,59.025,0.362,296.218,240.907,0,724.847,0.604,-39.442,337.208,1.249
17.373,7767.839,382.536,25.234,215.051,0.154,215.051,0.037,4.667e4,0,59.025,0.362,296.059,240.907,0,721.763,0.606,-39.566,336.25,1.245
17.423,7786.925,381.276,25.168,215.641,0.154,215.641,0.048,4.667e4,0,59.025,0.362,295.922,240.907,0,718.671,0.609,-39.691,335.295,1.241
17.473,7805.948,380.02,25.108,216.23,0.155,216.23,0.057,4.667e4,0,59.025,0.362,295.787,240.907,0,715.809,0.612,-39.814,334.344,1.237
17.523,7824.909,378.766,25.048,216.818,0.156,216.818,0.05,4.667e4,0,59.025,0.362,295.694,240.907,0,713.035,0.615,-39.937,333.396,1.234
17.573,7843.807,377.515,24.985,217.405,0.157,217.405,0.019,4.667e4,0,59.025,0.362,295.662,240.907,0,710.246,0.618,-40.06,332.45,1.23
17.623,7862.642,376.268,24.923,217.991,0.157,217.991,0.029,4.667e4,0,59.025,0.362,295.525,240.907,0,707.451,0.621,-40.183,331.508,1.226
17.673,7881.415,375.023,24.863,218.575,0.158,218.575,0.072,4.667e4,0,59.025,0.362,295.301,240.907,0,704.704,0.625,-40.305,330.594,1.222
17.723,7900.127,373.781,24.807,219.157,0.159,219.157,0.09,4.667e4,0,59.025,0.362,295.139,240.907,0,702.064,0.628,-40.426,329.712,1.219
17.773,7918.776,372.542,24.751,219.737,0.16,219.737,0.074,4.667e4,0,59.025,0.362,295.068,240.907,0,699.485,0.631,-40.548,328.833,1.215
17.823,7937.363,371.306,24.696,220.314,0.161,220.314,0.043,4.667e4,0,59.025,0.362,295.036,240.907,0,696.89,0.634,-40.668,327.957,1.211
17.873,7955.888,370.073,24.641,220.889,0.161,220.889,0.012,4.667e4,0,59.025,0.362,295.005,240.907,0,694.287,0.637,-40.789,327.084,1.207
17.923,7974.352,368.842,24.587,221.462,0.162,221.462,0.023,4.667e4,0,59.025,0.362,294.862,240.907,0,691.674,0.641,-40.909,326.213,1.204
17.973,7992.755,367.614,24.533,222.035,0.163,222.035,0.052,4.667e4,0,59.025,0.362,294.671,240.907,0,689.05,0.644,-41.028,325.346,1.2
18.023,8011.096,366.389,24.477,222.606,0.164,222.606,0.066,4.667e4,0,59.025,0.362,294.52,240.907,0,686.385,0.647,-41.148,324.482,1.196
18.073,8029.376,365.167,24.421,223.177,0.165,223.177,0.075,4.667e4,0,59.025,0.362,294.382,240.907,0,683.705,0.65,-41.266,323.62,1.192
18.123,8047.595,363.948,24.362,223.747,0.165,223.747,0.064,4.667e4,0,59.025,0.362,294.298,240.907,0,681.006,0.653,-41.385,322.761,1.189
18.173,8065.753,362.731,24.3,224.316,0.166,224.316,0.033,4.667e4,0,59.025,0.362,294.266,240.907,0,678.295,0.656,-41.503,321.906,1.185
18.223,8083.85,361.518,24.24,224.884,0.167,224.884,0.003,4.667e4,0,59.025,0.362,294.235,240.907,0,675.574,0.66,-41.621,321.053,1.181
18.273,8101.887,360.307,24.178,225.451,0.168,225.451,0.023,4.667e4,0,59.025,0.362,294.065,240.907,0,672.729,0.663,-41.738,320.202,1.178
18.323,8119.863,359.1,24.115,226.016,0.168,226.016,0.043,4.667e4,0,59.025,0.362,293.899,240.907,0,669.811,0.666,-41.855,319.355,1.174
18.373,8137.779,357.896,24.052,226.579,0.169,226.579,0.058,4.667e4,0,59.025,0.362,293.746,240.907,0,666.888,0.669,-41.971,318.511,1.17
18.423,8155.635,356.695,23.989,227.14,0.17,227.14,0.063,4.667e4,0,59.025,0.362,293.619,240.907,0,663.959,0.672,-42.087,317.669,1.167
18.473,8173.431,355.497,23.926,227.699,0.171,227.699,0.062,4.667e4,0,59.025,0.362,293.51,240.907,0,661.026,0.675,-42.203,316.83,1.163
18.523,8191.168,354.302,23.862,228.256,0.172,228.256,0.045,4.667e4,0,59.025,0.362,293.446,240.907,0,658.031,0.678,-42.318,315.995,1.159
18.573,8208.844,353.111,23.793,228.811,0.172,228.811,0.002,4.667e4,0,59.025,0.362,293.452,240.907,0,654.758,0.68,-42.433,315.161,1.156
18.623,8226.461,351.923,23.727,229.364,0.173,229.365,0.047,4.667e4,0,59.025,0.362,293.22,240.907,0,651.496,0.683,-42.547,314.331,1.152
18.673,8244.019,350.739,23.658,229.917,0.174,229.917,0.061,4.667e4,0,59.025,0.362,293.071,240.907,0,648.242,0.686,-42.662,313.504,1.149
18.723,8261.518,349.558,23.589,230.469,0.175,230.469,0.065,4.667e4,0,59.025,0.362,292.952,240.907,0,644.988,0.688,-42.775,312.679,1.145
18.773,8278.958,348.38,23.519,231.02,0.176,231.02,0.07,4.667e4,0,59.025,0.362,292.831,240.907,0,641.732,0.691,-42.889,311.857,1.141
18.823,8296.339,347.206,23.443,231.57,0.176,231.571,0.065,4.667e4,0,59.025,0.362,292.737,240.907,0,638.192,0.693,-43.002,311.038,1.138
18.873,8313.661,346.036,23.36,232.12,0.177,232.12,0.02,4.667e4,0,59.025,0.362,292.754,240.907,0,634.506,0.695,-43.114,310.221,1.134
18.923,8330.925,344.87,23.279,232.668,0.178,232.668,0.046,4.667e4,0,59.025,0.362,292.577,240.907,0,630.855,0.697,-43.227,309.408,1.131
18.973,8348.131,343.708,23.2,233.215,0.179,233.215,0.072,4.667e4,0,59.025,0.362,292.404,240.907,0,627.206,0.7,-43.338,308.597,1.127
19.023,8365.278,342.55,23.122,233.759,0.18,233.759,0.083,4.667e4,0,59.025,0.362,292.268,240.907,0,623.571,0.702,-43.45,307.788,1.123
19.073,8382.368,341.396,23.046,234.302,0.18,234.302,0.089,4.667e4,0,59.025,0.362,292.149,240.907,0,619.997,0.704,-43.561,307.009,1.12
19.123,8399.401,340.246,22.959,234.842,0.181,234.842,0.056,4.667e4,0,59.025,0.362,292.139,240.907,0,615.923,0.705,-43.672,306.253,1.116
19.173,8416.376,339.1,22.873,235.38,0.182,235.381,0.019,4.667e4,0,59.025,0.362,292.143,240.907,0,611.881,0.707,-43.782,305.5,1.113
19.223,8433.294,337.959,22.789,235.917,0.183,235.917,0.019,4.667e4,0,59.025,0.362,292.043,240.907,0,607.871,0.708,-43.892,304.749,1.109
19.273,8450.155,336.822,22.707,236.453,0.184,236.453,0.07,4.667e4,0,59.025,0.362,291.805,240.907,0,603.886,0.71,-44.002,304.001,1.106
19.323,8466.959,335.689,22.625,236.988,0.184,236.988,0.098,4.667e4,0,59.025,0.362,291.631,240.907,0,599.93,0.712,-44.111,303.255,1.102
19.373,8483.707,334.56,22.538,237.523,0.185,237.523,0.103,4.667e4,0,59.025,0.362,291.521,240.907,0,595.856,0.713,-44.22,302.512,1.099
19.423,8500.398,333.435,22.443,238.056,0.186,238.057,0.087,4.667e4,0,59.025,0.362,291.471,240.907,0,591.494,0.714,-44.328,301.771,1.095
19.473,8517.033,332.316,22.347,238.59,0.187,238.59,0.053,4.667e4,0,59.025,0.362,291.472,240.907,0,587.165,0.715,-44.436,301.033,1.092
19.523,8533.613,331.201,22.252,239.122,0.188,239.122,7.164e-4,4.667e4,0,59.025,0.362,291.527,240.907,0,582.881,0.716,-44.544,300.297,1.089
19.573,8550.137,330.091,22.159,239.653,0.188,239.653,0.062,4.667e4,0,59.025,0.362,291.267,240.907,0,578.65,0.717,-44.651,299.564,1.085
19.623,8566.605,328.985,22.069,240.183,0.189,240.183,0.095,4.667e4,0,59.025,0.362,291.085,240.907,0,574.446,0.718,-44.758,298.833,1.082
19.673,8583.018,327.884,21.973,240.71,0.19,240.71,0.115,4.667e4,0,59.025,0.362,290.942,240.907,0,569.949,0.718,-44.865,298.105,1.078
19.723,8599.376,326.788,21.87,241.235,0.191,241.235,0.125,4.667e4,0,59.025,0.362,290.826,240.907,0,565.129,0.718,-44.971,297.379,1.075
19.773,8615.68,325.697,21.766,241.758,0.191,241.758,0.1,4.667e4,0,59.025,0.362,290.814,240.907,0,560.335,0.719,-45.077,296.655,1.072
19.823,8631.93,324.611,21.665,242.279,0.192,242.279,0.034,4.667e4,0,59.025,0.362,290.916,240.907,0,555.568,0.719,-45.183,295.934,1.068
19.873,8648.125,323.53,21.568,242.799,0.193,242.799,0.036,4.667e4,0,59.025,0.362,290.827,240.907,0,550.867,0.719,-45.288,295.215,1.065
19.923,8664.266,322.455,21.472,243.317,0.194,243.317,0.088,4.667e4,0,59.025,0.362,290.599,240.907,0,546.231,0.719,-45.393,294.499,1.062
19.973,8680.354,321.384,21.368,243.835,0.195,243.835,0.111,4.667e4,0,59.025,0.362,290.456,240.907,0,541.274,0.719,-45.498,293.785,1.058
20.023,8696.388,320.319,21.254,244.353,0.195,244.353,0.104,4.667e4,0,59.025,0.362,290.398,240.907,0,535.997,0.718,-45.602,293.074,1.055
20.073,8712.369,319.259,21.141,244.87,0.196,244.87,0.096,4.667e4,0,59.025,0.362,290.345,240.907,0,530.772,0.717,-45.706,292.364,1.052
20.123,8728.297,318.205,21.029,245.386,0.197,245.386,0.085,4.667e4,0,59.025,0.362,290.299,240.907,0,525.599,0.716,-45.809,291.658,1.049
20.173,8744.173,317.156,20.917,245.902,0.198,245.902,0.045,4.667e4,0,59.025,0.362,290.34,240.907,0,520.498,0.715,-45.913,290.953,1.045
20.223,8759.996,316.113,20.807,246.417,0.199,246.417,0.004,4.667e4,0,59.025,0.362,290.383,240.907,0,515.466,0.714,-46.015,290.251,1.042
20.273,8775.767,315.076,20.693,246.931,0.199,246.931,0.039,4.667e4,0,59.025,0.362,290.214,240.907,0,510.213,0.713,-46.118,289.551,1.039
20.323,8791.487,314.044,20.57,247.443,0.2,247.444,0.066,4.667e4,0,59.025,0.362,290.068,240.907,0,504.519,0.711,-46.22,288.853,1.036
20.373,8807.155,313.019,20.45,247.954,0.201,247.954,0.089,4.667e4,0,59.025,0.362,289.935,240.907,0,498.913,0.709,-46.322,288.158,1.033
20.423,8822.772,311.999,20.331,248.463,0.202,248.463,0.096,4.667e4,0,59.025,0.362,289.849,240.907,0,493.379,0.707,-46.424,287.465,1.029
20.473,8838.339,310.986,20.214,248.971,0.203,248.971,0.101,4.667e4,0,59.025,0.362,289.769,240.907,0,487.935,0.706,-46.525,286.774,1.026
20.523,8853.855,309.978,20.099,249.476,0.203,249.476,0.093,4.667e4,0,59.025,0.362,289.727,240.907,0,482.565,0.704,-46.626,286.086,1.023
20.573,8869.32,308.976,19.986,249.98,0.204,249.98,0.067,4.667e4,0,59.025,0.362,289.74,240.907,0,477.26,0.702,-46.726,285.399,1.02
20.623,8884.736,307.98,19.858,250.483,0.205,250.483,0.03,4.667e4,0,59.025,0.362,289.784,240.907,0,471.277,0.699,-46.826,284.746,1.017
20.673,8900.102,306.99,19.734,250.984,0.206,250.984,0.013,4.667e4,0,59.025,0.362,289.772,240.907,0,465.399,0.696,-46.926,284.105,1.014
20.723,8915.419,306.006,19.613,251.484,0.207,251.484,0.055,4.667e4,0,59.025,0.362,289.594,240.907,0,459.614,0.693,-47.026,283.465,1.011
20.773,8930.686,305.029,19.493,251.983,0.207,251.983,0.086,4.667e4,0,59.025,0.362,289.45,240.907,0,453.922,0.69,-47.125,282.828,1.008
20.823,8945.905,304.058,19.374,252.482,0.208,252.482,0.103,4.667e4,0,59.025,0.362,289.345,240.907,0,448.314,0.687,-47.224,282.192,1.005
20.873,8961.076,303.092,19.256,252.98,0.209,252.98,0.109,4.667e4,0,59.025,0.362,289.273,240.907,0,442.785,0.684,-47.322,281.559,1.002
20.923,8976.198,302.133,19.132,253.478,0.21,253.478,0.099,4.667e4,0,59.025,0.362,289.249,240.907,0,437.051,0.681,-47.421,280.928,0.999
20.973,8991.273,301.179,19.007,253.976,0.211,253.976,0.063,4.667e4,0,59.025,0.362,289.299,240.907,0,431.329,0.677,-47.519,280.299,0.996
21.023,9006.3,300.232,18.884,254.473,0.211,254.473,0.028,4.667e4,0,59.025,0.362,289.347,240.907,0,425.69,0.674,-47.616,279.671,0.993
21.073,9021.28,299.291,18.763,254.969,0.212,254.969,0.006,4.667e4,0,59.025,0.362,289.36,240.907,0,420.134,0.67,-47.714,279.046,0.99
21.123,9036.213,298.356,18.645,255.464,0.213,255.464,0.033,4.667e4,0,59.025,0.362,289.233,240.907,0,414.662,0.667,-47.811,278.422,0.987
21.173,9051.099,297.427,18.529,255.958,0.214,255.958,0.048,4.667e4,0,59.025,0.362,289.143,240.907,0,409.264,0.664,-47.908,277.801,0.984
21.223,9065.939,296.503,18.414,256.451,0.214,256.451,0.064,4.667e4,0,59.025,0.362,289.051,240.907,0,403.957,0.66,-48.004,277.181,0.981
21.273,9080.733,295.585,18.302,256.942,0.215,256.942,0.069,4.667e4,0,59.025,0.362,288.991,240.907,0,398.727,0.657,-48.1,276.564,0.979
21.323,9095.481,294.673,18.192,257.432,0.216,257.432,0.077,4.667e4,0,59.025,0.362,288.921,240.907,0,393.589,0.654,-48.196,275.948,0.976
21.373,9110.184,293.766,18.083,257.92,0.217,257.921,0.07,4.667e4,0,59.025,0.362,288.898,240.907,0,388.52,0.651,-48.292,275.334,0.973
21.423,9124.842,292.865,17.977,258.408,0.218,258.408,0.044,4.667e4,0,59.025,0.362,288.93,240.907,0,383.512,0.647,-48.387,274.722,0.97
21.473,9139.454,291.968,17.872,258.894,0.218,258.894,0.025,4.667e4,0,59.025,0.362,288.942,240.907,0,378.593,0.644,-48.482,274.112,0.967
21.523,9154.023,291.077,17.769,259.379,0.219,259.379,0.014,4.667e4,0,59.025,0.362,288.932,240.907,0,373.759,0.641,-48.577,273.504,0.965
21.573,9168.546,290.192,17.667,259.863,0.22,259.863,0.004,4.667e4,0,59.025,0.362,288.922,240.907,0,368.991,0.638,-48.671,272.898,0.962
21.623,9183.026,289.311,17.567,260.346,0.221,260.346,0.022,4.667e4,0,59.025,0.362,288.829,240.907,0,364.291,0.635,-48.765,272.293,0.959
21.673,9197.461,288.435,17.47,260.829,0.222,260.829,0.059,4.667e4,0,59.025,0.362,288.686,240.907,0,359.642,0.631,-48.859,271.691,0.956
21.723,9211.853,287.564,17.374,261.311,0.222,261.311,0.1,4.667e4,0,59.025,0.362,288.531,240.907,0,355.052,0.628,-48.953,271.09,0.954
21.773,9226.202,286.698,17.28,261.792,0.223,261.792,0.13,4.667e4,0,59.025,0.362,288.409,240.907,0,350.528,0.625,-49.046,270.491,0.951
21.823,9240.507,285.837,17.197,262.274,0.224,262.274,0.149,4.667e4,0,59.025,0.362,288.317,240.907,0,346.58,0.623,-49.139,269.894,0.948
21.873,9254.769,284.979,17.116,262.755,0.225,262.755,0.12,4.667e4,0,59.025,0.362,288.363,240.907,0,342.933,0.621,-49.231,269.298,0.946
21.923,9268.989,284.126,17.035,263.236,0.226,263.236,0.065,4.667e4,0,59.025,0.362,288.484,240.907,0,339.338,0.62,-49.324,268.705,0.943
21.973,9283.166,283.276,16.956,263.717,0.227,263.717,0.004,4.667e4,0,59.025,0.362,288.624,240.907,0,335.792,0.618,-49.416,268.113,0.94
22.023,9297.3,282.431,16.879,264.197,0.227,264.197,0.054,4.667e4,0,59.025,0.362,288.448,240.907,0,332.295,0.616,-49.508,267.523,0.938
22.073,9311.392,281.589,16.804,264.676,0.228,264.676,0.102,4.667e4,0,59.025,0.362,288.278,240.907,0,328.842,0.615,-49.6,266.935,0.935
22.123,9325.443,280.75,16.731,265.153,0.229,265.153,0.16,4.667e4,0,59.025,0.362,288.079,240.907,0,325.455,0.613,-49.691,266.348,0.932
22.173,9339.451,279.915,16.659,265.629,0.23,265.629,0.196,4.667e4,0,59.025,0.362,287.945,240.907,0,322.102,0.611,-49.782,265.763,0.93
22.223,9353.418,279.084,16.587,266.103,0.23,266.103,0.185,4.667e4,0,59.025,0.362,287.944,240.907,0,318.755,0.61,-49.873,265.18,0.927
22.273,9367.344,278.257,16.516,266.576,0.231,266.576,0.151,4.667e4,0,59.025,0.362,288.01,240.907,0,315.438,0.608,-49.963,264.599,0.925
22.323,9381.228,277.433,16.447,267.047,0.232,267.047,0.111,4.667e4,0,59.025,0.362,288.092,240.907,0,312.194,0.606,-50.053,264.04,0.922
22.373,9395.071,276.612,16.379,267.517,0.233,267.517,0.084,4.667e4,0,59.025,0.362,288.138,240.907,0,309.024,0.605,-50.143,263.497,0.919
22.423,9408.873,275.795,16.313,267.985,0.234,267.985,0.023,4.667e4,0,59.025,0.362,288.281,240.907,0,305.874,0.603,-50.233,262.955,0.917
22.473,9422.635,274.981,16.251,268.453,0.234,268.453,0.072,4.667e4,0,59.025,0.362,288.111,240.907,0,302.748,0.602,-50.323,262.415,0.914
22.523,9436.355,274.17,16.19,268.92,0.235,268.92,0.135,4.667e4,0,59.025,0.362,287.901,240.907,0,299.682,0.6,-50.412,261.877,0.912
22.573,9450.036,273.363,16.129,269.387,0.236,269.388,0.186,4.667e4,0,59.025,0.362,287.729,240.907,0,296.651,0.598,-50.501,261.34,0.909
22.623,9463.676,272.558,16.066,269.855,0.237,269.855,0.195,4.667e4,0,59.025,0.362,287.672,240.907,0,293.657,0.597,-50.589,260.805,0.907
22.673,9477.276,271.757,16,270.322,0.238,270.322,0.174,4.667e4,0,59.025,0.362,287.705,240.907,0,290.693,0.595,-50.678,260.271,0.904
22.723,9490.835,270.959,15.936,270.79,0.238,270.79,0.162,4.667e4,0,59.025,0.362,287.708,240.907,0,287.75,0.594,-50.766,259.739,0.902
22.773,9504.356,270.165,15.871,271.257,0.239,271.257,0.124,4.667e4,0,59.025,0.362,287.788,240.907,0,284.893,0.592,-50.854,259.208,0.899
22.823,9517.836,269.373,15.81,271.725,0.24,271.725,0.07,4.667e4,0,59.025,0.362,287.912,240.907,0,282.215,0.591,-50.941,258.68,0.897
22.873,9531.277,268.584,15.751,272.191,0.241,272.192,0.024,4.667e4,0,59.025,0.362,288.014,240.907,0,279.563,0.59,-51.029,258.152,0.894
22.923,9544.678,267.798,15.692,272.658,0.242,272.658,0.042,4.667e4,0,59.025,0.362,287.934,240.907,0,276.954,0.589,-51.116,257.626,0.892
22.973,9558.04,267.015,15.636,273.123,0.243,273.123,0.09,4.667e4,0,59.025,0.362,287.771,240.907,0,274.369,0.588,-51.203,257.102,0.89
23.023,9571.363,266.235,15.58,273.588,0.243,273.588,0.121,4.667e4,0,59.025,0.362,287.654,240.907,0,271.808,0.587,-51.289,256.579,0.887
23.073,9584.648,265.457,15.526,274.051,0.244,274.051,0.141,4.667e4,0,59.025,0.362,287.571,240.907,0,269.271,0.586,-51.376,256.058,0.885
23.123,9597.893,264.682,15.472,274.512,0.245,274.513,0.137,4.667e4,0,59.025,0.362,287.556,240.907,0,266.75,0.584,-51.462,255.538,0.882
23.173,9611.1,263.91,15.419,274.973,0.246,274.973,0.114,4.667e4,0,59.025,0.362,287.592,240.907,0,264.249,0.583,-51.548,255.02,0.88
23.223,9624.268,263.14,15.366,275.432,0.247,275.433,0.09,4.667e4,0,59.025,0.362,287.632,240.907,0,261.779,0.582,-51.633,254.503,0.877
23.273,9637.398,262.373,15.314,275.891,0.247,275.891,0.09,4.667e4,0,59.025,0.362,287.605,240.907,0,259.354,0.581,-51.719,253.988,0.875
23.323,9650.489,261.609,15.263,276.348,0.248,276.348,0.074,4.667e4,0,59.025,0.362,287.625,240.907,0,256.947,0.58,-51.804,253.474,0.873
23.373,9663.543,260.847,15.212,276.805,0.249,276.805,0.04,4.667e4,0,59.025,0.362,287.694,240.907,0,254.559,0.579,-51.889,252.962,0.87
23.423,9676.558,260.088,15.164,277.26,0.25,277.26,0.018,4.667e4,0,59.025,0.362,287.73,240.907,0,252.187,0.578,-51.973,252.452,0.868
23.473,9689.536,259.331,15.116,277.715,0.251,277.715,0.062,4.667e4,0,59.025,0.362,287.579,240.907,0,249.847,0.577,-52.057,251.942,0.865
23.523,9702.475,258.577,15.066,278.17,0.251,278.17,0.057,4.667e4,0,59.025,0.362,287.566,240.907,0,247.549,0.576,-52.142,251.435,0.863
23.573,9715.377,257.825,15.017,278.624,0.252,278.624,0.053,4.667e4,0,59.025,0.362,287.552,240.907,0,245.272,0.575,-52.225,250.928,0.861
23.623,9728.242,257.075,14.969,279.078,0.253,279.078,0.065,4.667e4,0,59.025,0.362,287.49,240.907,0,243.009,0.574,-52.309,250.424,0.858
23.673,9741.069,256.328,14.922,279.531,0.254,279.531,0.083,4.667e4,0,59.025,0.362,287.413,240.907,0,240.763,0.573,-52.392,249.92,0.856
23.723,9753.859,255.584,14.875,279.984,0.255,279.984,0.098,4.667e4,0,59.025,0.362,287.344,240.907,0,238.538,0.572,-52.476,249.418,0.854
23.773,9766.611,254.841,14.828,280.437,0.256,280.437,0.103,4.667e4,0,59.025,0.362,287.305,240.907,0,236.335,0.571,-52.558,248.918,0.851
23.823,9779.327,254.101,14.783,280.889,0.256,280.889,0.104,4.667e4,0,59.025,0.362,287.277,240.907,0,234.204,0.57,-52.641,248.419,0.849
23.873,9792.005,253.364,14.739,281.342,0.257,281.342,0.106,4.667e4,0,59.025,0.362,287.246,240.907,0,232.154,0.569,-52.724,247.922,0.847
23.923,9804.647,252.628,14.693,281.794,0.258,281.794,0.068,4.667e4,0,59.025,0.362,287.328,240.907,0,230.132,0.568,-52.806,247.426,0.844
23.973,9817.252,251.895,14.648,282.246,0.259,282.246,0.022,4.667e4,0,59.025,0.362,287.433,240.907,0,228.132,0.567,-52.888,246.931,0.842
24.023,9829.82,251.164,14.604,282.697,0.26,282.697,0.019,4.667e4,0,59.025,0.362,287.415,240.907,0,226.15,0.567,-52.969,246.438,0.84
24.073,9842.352,250.435,14.56,283.147,0.26,283.147,0.065,4.667e4,0,59.025,0.362,287.26,240.907,0,224.193,0.566,-53.051,245.946,0.837
24.123,9854.848,249.708,14.518,283.597,0.261,283.597,0.101,4.667e4,0,59.025,0.362,287.135,240.907,0,222.253,0.565,-53.132,245.456,0.835
24.173,9867.307,248.983,14.476,284.046,0.262,284.046,0.135,4.667e4,0,59.025,0.362,287.013,240.907,0,220.336,0.565,-53.213,244.967,0.833
24.223,9879.73,248.26,14.435,284.494,0.263,284.494,0.141,4.667e4,0,59.025,0.362,286.971,240.907,0,218.44,0.564,-53.294,244.496,0.831
24.273,9892.117,247.539,14.395,284.94,0.264,284.94,0.146,4.667e4,0,59.025,0.362,286.932,240.907,0,216.577,0.563,-53.374,244.041,0.828
24.323,9904.468,246.821,14.356,285.386,0.265,285.386,0.135,4.667e4,0,59.025,0.362,286.94,240.907,0,214.726,0.562,-53.455,243.586,0.826
24.373,9916.783,246.104,14.317,285.83,0.265,285.83,0.078,4.667e4,0,59.025,0.362,287.078,240.907,0,212.871,0.562,-53.535,243.133,0.824
24.423,9929.062,245.389,14.28,286.274,0.266,286.274,0.031,4.667e4,0,59.025,0.362,287.186,240.907,0,211.044,0.561,-53.614,242.682,0.821
24.473,9941.306,244.676,14.242,286.717,0.267,286.717,0.011,4.667e4,0,59.025,0.362,287.218,240.907,0,209.248,0.56,-53.694,242.232,0.819
24.523,9953.514,243.965,14.204,287.159,0.268,287.159,0.005,4.667e4,0,59.025,0.362,287.211,240.907,0,207.469,0.56,-53.773,241.783,0.817
24.573,9965.686,243.256,14.167,287.601,0.269,287.601,0.029,4.667e4,0,59.025,0.362,287.12,240.907,0,205.704,0.559,-53.852,241.335,0.815
24.623,9977.823,242.549,14.131,288.042,0.27,288.042,0.052,4.667e4,0,59.025,0.362,287.031,240.907,0,203.955,0.558,-53.931,240.889,0.813
24.673,9989.925,241.843,14.094,288.483,0.27,288.483,0.07,4.667e4,0,59.025,0.362,286.957,240.907,0,202.221,0.557,-54.01,240.444,0.81
24.723,1e4,241.14,14.059,288.923,0.271,288.923,0.103,4.667e4,0,59.025,0.362,286.838,240.907,0,200.498,0.557,-54.088,240,0.808
24.773,1.001e4,240.438,14.023,289.364,0.272,289.364,0.115,4.667e4,0,59.025,0.362,286.781,240.907,0,198.792,0.556,-54.167,239.558,0.806
24.823,1.003e4,239.738,13.987,289.804,0.273,289.804,0.119,4.667e4,0,59.025,0.362,286.748,240.907,0,197.101,0.555,-54.245,239.116,0.804
24.873,1.004e4,239.04,13.952,290.244,0.274,290.244,0.125,4.667e4,0,59.025,0.362,286.708,240.907,0,195.42,0.555,-54.322,238.676,0.801
24.923,1.005e4,238.344,13.915,290.684,0.275,290.684,0.106,4.667e4,0,59.025,0.362,286.739,240.907,0,193.774,0.554,-54.4,238.238,0.799
24.973,1.006e4,237.649,13.879,291.123,0.276,291.124,0.064,4.667e4,0,59.025,0.362,286.835,240.907,0,192.173,0.554,-54.477,237.801,0.797
25.023,1.007e4,236.956,13.843,291.563,0.276,291.563,0.031,4.667e4,0,59.025,0.362,286.904,240.907,0,190.584,0.553,-54.554,237.365,0.795
25.073,1.009e4,236.265,13.807,292.002,0.277,292.002,0.013,4.667e4,0,59.025,0.362,286.933,240.907,0,189.013,0.552,-54.631,236.93,0.793
25.123,1.01e4,235.576,13.772,292.44,0.278,292.44,0.074,4.667e4,0,59.025,0.362,286.737,240.907,0,187.466,0.552,-54.708,236.496,0.79
25.173,1.011e4,234.888,13.739,292.878,0.279,292.878,0.088,4.667e4,0,59.025,0.362,286.675,240.907,0,185.915,0.551,-54.784,236.064,0.788
25.223,1.012e4,234.202,13.706,293.314,0.28,293.314,0.078,4.667e4,0,59.025,0.362,286.682,240.907,0,184.368,0.551,-54.86,235.633,0.786
25.273,1.013e4,233.518,13.673,293.75,0.281,293.75,0.086,4.667e4,0,59.025,0.362,286.637,240.907,0,182.845,0.55,-54.936,235.203,0.784
25.323,1.014e4,232.835,13.64,294.186,0.281,294.186,0.1,4.667e4,0,59.025,0.362,286.575,240.907,0,181.339,0.55,-55.012,234.775,0.782
25.373,1.016e4,232.154,13.608,294.62,0.282,294.62,0.091,4.667e4,0,59.025,0.362,286.581,240.907,0,179.838,0.549,-55.087,234.348,0.78
25.423,1.017e4,231.474,13.577,295.053,0.283,295.054,0.082,4.667e4,0,59.025,0.362,286.583,240.907,0,178.351,0.549,-55.163,233.922,0.777
25.473,1.018e4,230.796,13.545,295.486,0.284,295.486,0.066,4.667e4,0,59.025,0.362,286.606,240.907,0,176.876,0.548,-55.238,233.497,0.775
25.523,1.019e4,230.12,13.515,295.918,0.285,295.919,0.028,4.667e4,0,59.025,0.362,286.693,240.907,0,175.406,0.548,-55.313,233.074,0.773
25.573,1.02e4,229.445,13.485,296.35,0.286,296.35,0.003,4.667e4,0,59.025,0.362,286.743,240.907,0,173.955,0.547,-55.387,232.651,0.771
25.623,1.021e4,228.772,13.455,296.781,0.286,296.781,0.019,4.667e4,0,59.025,0.362,286.676,240.907,0,172.518,0.547,-55.462,232.23,0.769
25.673,1.022e4,228.1,13.425,297.212,0.287,297.212,0.039,4.667e4,0,59.025,0.362,286.598,240.907,0,171.094,0.546,-55.536,231.811,0.767
25.723,1.024e4,227.43,13.396,297.642,0.288,297.642,0.055,4.667e4,0,59.025,0.362,286.532,240.907,0,169.681,0.546,-55.61,231.392,0.764
25.773,1.025e4,226.761,13.366,298.072,0.289,298.072,0.065,4.667e4,0,59.025,0.362,286.483,240.907,0,168.281,0.545,-55.684,230.975,0.762
25.823,1.026e4,226.094,13.336,298.501,0.29,298.501,0.052,4.667e4,0,59.025,0.362,286.497,240.907,0,166.897,0.545,-55.757,230.559,0.76
25.873,1.027e4,225.428,13.306,298.93,0.291,298.93,0.05,4.667e4,0,59.025,0.362,286.482,240.907,0,165.521,0.544,-55.83,230.144,0.758
25.923,1.028e4,224.764,13.277,299.359,0.292,299.359,0.05,4.667e4,0,59.025,0.362,286.462,240.907,0,164.155,0.544,-55.904,229.73,0.756
25.973,1.029e4,224.101,13.247,299.788,0.293,299.788,0.038,4.667e4,0,59.025,0.362,286.475,240.907,0,162.802,0.543,-55.976,229.318,0.754
26.023,1.03e4,223.439,13.218,300.216,0.293,300.216,0.036,4.667e4,0,59.025,0.362,286.462,240.907,0,161.457,0.543,-56.049,228.907,0.752
26.073,1.031e4,222.779,13.189,300.643,0.294,300.644,0.026,4.667e4,0,59.025,0.362,286.469,240.907,0,160.127,0.542,-56.122,228.497,0.75
26.123,1.033e4,222.121,13.16,301.071,0.295,301.071,0.003,4.667e4,0,59.025,0.362,286.515,240.907,0,158.825,0.542,-56.194,228.088,0.748
26.173,1.034e4,221.464,13.132,301.498,0.296,301.498,0.018,4.667e4,0,59.025,0.362,286.451,240.907,0,157.533,0.541,-56.266,227.681,0.745
26.223,1.035e4,220.808,13.104,301.924,0.297,301.924,0.042,4.667e4,0,59.025,0.362,286.364,240.907,0,156.253,0.541,-56.338,227.274,0.743
26.273,1.036e4,220.154,13.076,302.35,0.298,302.35,0.07,4.667e4,0,59.025,0.362,286.264,240.907,0,154.986,0.54,-56.409,226.869,0.741
26.323,1.037e4,219.501,13.049,302.775,0.299,302.775,0.06,4.667e4,0,59.025,0.362,286.274,240.907,0,153.717,0.54,-56.481,226.465,0.739
26.373,1.038e4,218.849,13.022,303.199,0.3,303.199,0.03,4.667e4,0,59.025,0.362,286.338,240.907,0,152.425,0.539,-56.5,226.082,0.737
26.423,1.039e4,218.199,12.995,303.623,0.3,303.623,0.029,4.667e4,0,59.025,0.362,286.319,240.907,0,151.144,0.539,-56.5,225.708,0.735
26.473,1.04e4,217.55,12.967,304.046,0.301,304.047,0.055,4.667e4,0,59.025,0.362,286.226,240.907,0,149.883,0.539,-56.5,225.334,0.733
26.523,1.041e4,216.902,12.94,304.469,0.302,304.469,0.057,4.667e4,0,59.025,0.362,286.201,240.907,0,148.626,0.538,-56.5,224.961,0.731
26.573,1.042e4,216.256,12.914,304.891,0.303,304.891,0.027,4.667e4,0,59.025,0.362,286.266,240.907,0,147.369,0.538,-56.5,224.59,0.728
26.623,1.044e4,215.611,12.887,305.313,0.304,305.313,0.016,4.667e4,0,59.025,0.362,286.274,240.907,0,146.13,0.537,-56.5,224.22,0.726
26.673,1.045e4,214.968,12.861,305.734,0.305,305.734,0.005,4.667e4,0,59.025,0.362,286.286,240.907,0,144.902,0.537,-56.5,223.851,0.724
26.723,1.046e4,214.326,12.836,306.155,0.306,306.155,0.025,4.667e4,0,59.025,0.362,286.211,240.907,0,143.679,0.536,-56.5,223.483,0.722
26.773,1.047e4,213.685,12.811,306.575,0.306,306.575,0.041,4.667e4,0,59.025,0.362,286.146,240.907,0,142.47,0.536,-56.5,223.116,0.72
26.823,1.048e4,213.045,12.786,306.995,0.307,306.995,0.053,4.667e4,0,59.025,0.362,286.091,240.907,0,141.271,0.535,-56.5,222.75,0.718
26.873,1.049e4,212.407,12.76,307.414,0.308,307.415,0.059,4.667e4,0,59.025,0.362,286.055,240.907,0,140.083,0.535,-56.5,222.385,0.715
26.923,1.05e4,211.77,12.735,307.834,0.309,307.834,0.063,4.667e4,0,59.025,0.362,286.024,240.907,0,138.905,0.535,-56.5,222.021,0.713
26.973,1.051e4,211.134,12.711,308.253,0.31,308.253,0.088,4.667e4,0,59.025,0.362,285.935,240.907,0,137.731,0.534,-56.5,221.659,0.711
27.023,1.052e4,210.499,12.687,308.671,0.311,308.672,0.102,4.667e4,0,59.025,0.362,285.878,240.907,0,136.569,0.534,-56.5,221.297,0.709
27.073,1.053e4,209.866,12.663,309.09,0.312,309.09,0.121,4.667e4,0,59.025,0.362,285.804,240.907,0,135.413,0.533,-56.5,220.937,0.707
27.123,1.054e4,209.234,12.638,309.508,0.313,309.509,0.121,4.667e4,0,59.025,0.362,285.786,240.907,0,134.269,0.533,-56.5,220.577,0.705
27.173,1.055e4,208.603,12.612,309.927,0.313,309.927,0.071,4.667e4,0,59.025,0.362,285.908,240.907,0,133.143,0.532,-56.5,220.219,0.703
27.223,1.056e4,207.973,12.587,310.345,0.314,310.345,0.045,4.667e4,0,59.025,0.362,285.963,240.907,0,132.021,0.532,-56.5,219.862,0.7
27.273,1.057e4,207.345,12.562,310.762,0.315,310.763,0.026,4.667e4,0,59.025,0.362,285.999,240.907,0,130.911,0.532,-56.5,219.506,0.698
27.323,1.058e4,206.717,12.539,311.18,0.316,311.18,0.025,4.667e4,0,59.025,0.362,285.982,240.907,0,129.807,0.531,-56.5,219.151,0.696
27.373,1.059e4,206.091,12.516,311.597,0.317,311.597,0.038,4.667e4,0,59.025,0.362,285.927,240.907,0,128.709,0.531,-56.5,218.797,0.694
27.423,1.06e4,205.466,12.492,312.013,0.318,312.014,0.018,4.667e4,0,59.025,0.362,285.967,240.907,0,127.627,0.53,-56.5,218.444,0.692
27.473,1.061e4,204.842,12.468,312.43,0.319,312.43,4.498e-4,4.667e4,0,59.025,0.362,285.998,240.907,0,126.553,0.53,-56.5,218.092,0.69
27.523,1.062e4,204.22,12.444,312.846,0.32,312.846,0.045,4.667e4,0,59.025,0.362,285.855,240.907,0,125.496,0.53,-56.5,217.742,0.688
27.573,1.063e4,203.598,12.421,313.261,0.321,313.261,0.082,4.667e4,0,59.025,0.362,285.732,240.907,0,124.447,0.529,-56.5,217.392,0.686
27.623,1.064e4,202.978,12.398,313.676,0.322,313.676,0.101,4.667e4,0,59.025,0.362,285.661,240.907,0,123.403,0.529,-56.5,217.043,0.684
27.673,1.065e4,202.359,12.376,314.09,0.322,314.09,0.105,4.667e4,0,59.025,0.362,285.633,240.907,0,122.363,0.528,-56.5,216.696,0.681
27.723,1.066e4,201.741,12.353,314.504,0.323,314.504,0.127,4.667e4,0,59.025,0.362,285.556,240.907,0,121.339,0.528,-56.5,216.349,0.679
27.773,1.067e4,201.124,12.331,314.917,0.324,314.917,0.143,4.667e4,0,59.025,0.362,285.492,240.907,0,120.323,0.528,-56.5,216.004,0.677
27.823,1.068e4,200.508,12.309,315.329,0.325,315.329,0.126,4.667e4,0,59.025,0.362,285.522,240.907,0,119.306,0.527,-56.5,215.66,0.675
27.873,1.069e4,199.893,12.288,315.741,0.326,315.741,0.114,4.667e4,0,59.025,0.362,285.539,240.907,0,118.3,0.527,-56.5,215.316,0.673
27.923,1.07e4,199.279,12.267,316.152,0.327,316.152,0.107,4.667e4,0,59.025,0.362,285.542,240.907,0,117.305,0.527,-56.5,214.974,0.671
27.973,1.071e4,198.667,12.246,316.562,0.328,316.562,0.107,4.667e4,0,59.025,0.362,285.527,240.907,0,116.321,0.526,-56.5,214.633,0.669
28.023,1.072e4,198.055,12.225,316.972,0.329,316.972,0.088,4.667e4,0,59.025,0.362,285.563,240.907,0,115.341,0.526,-56.5,214.293,0.667
28.073,1.073e4,197.445,12.205,317.381,0.33,317.381,0.073,4.667e4,0,59.025,0.362,285.588,240.907,0,114.37,0.525,-56.5,213.954,0.665
28.123,1.074e4,196.835,12.184,317.79,0.331,317.79,0.081,4.667e4,0,59.025,0.362,285.552,240.907,0,113.415,0.525,-56.5,213.616,0.663
28.173,1.075e4,196.226,12.164,318.198,0.331,318.198,0.081,4.667e4,0,59.025,0.362,285.534,240.907,0,112.465,0.525,-56.5,213.279,0.661
28.223,1.076e4,195.619,12.144,318.606,0.332,318.606,0.053,4.667e4,0,59.025,0.362,285.597,240.907,0,111.517,0.524,-56.5,212.943,0.659
28.273,1.077e4,195.012,12.125,319.013,0.333,319.013,0.006,4.667e4,0,59.025,0.362,285.714,240.907,0,110.572,0.524,-56.5,212.608,0.657
28.323,1.078e4,194.407,12.106,319.42,0.334,319.42,0.025,4.667e4,0,59.025,0.362,285.646,240.907,0,109.64,0.524,-56.5,212.274,0.655
28.373,1.079e4,193.802,12.088,319.826,0.335,319.826,0.066,4.667e4,0,59.025,0.362,285.514,240.907,0,108.714,0.523,-56.5,211.941,0.653
28.423,1.08e4,193.199,12.07,320.233,0.336,320.233,0.136,4.667e4,0,59.025,0.362,285.303,240.907,0,107.791,0.523,-56.5,211.609,0.651
28.473,1.081e4,192.596,12.052,320.639,0.337,320.639,0.167,4.667e4,0,59.025,0.362,285.199,240.907,0,106.883,0.523,-56.5,211.279,0.649
28.523,1.082e4,191.995,12.032,321.045,0.338,321.045,0.14,4.667e4,0,59.025,0.362,285.26,240.907,0,105.987,0.522,-56.5,210.949,0.647
28.573,1.083e4,191.394,12.012,321.451,0.339,321.451,0.113,4.667e4,0,59.025,0.362,285.32,240.907,0,105.098,0.522,-56.5,210.62,0.645
28.623,1.084e4,190.794,11.993,321.857,0.34,321.857,0.122,4.667e4,0,59.025,0.362,285.282,240.907,0,104.21,0.522,-56.5,210.293,0.643
28.673,1.085e4,190.196,11.975,322.262,0.341,322.263,0.148,4.667e4,0,59.025,0.362,285.193,240.907,0,103.327,0.521,-56.5,209.966,0.641
28.723,1.086e4,189.598,11.957,322.668,0.341,322.668,0.164,4.667e4,0,59.025,0.362,285.134,240.907,0,102.45,0.521,-56.5,209.64,0.639
28.773,1.087e4,189.001,11.938,323.074,0.342,323.074,0.154,4.667e4,0,59.025,0.362,285.149,240.907,0,101.582,0.521,-56.5,209.316,0.637
28.823,1.088e4,188.405,11.918,323.479,0.343,323.48,0.117,4.667e4,0,59.025,0.362,285.236,240.907,0,100.73,0.52,-56.5,209.008,0.635
28.873,1.089e4,187.81,11.899,323.885,0.344,323.885,0.08,4.667e4,0,59.025,0.362,285.327,240.907,0,99.89,0.52,-56.5,208.71,0.633
28.923,1.09e4,187.216,11.88,324.29,0.345,324.29,0.057,4.667e4,0,59.025,0.362,285.376,240.907,0,99.054,0.52,-56.5,208.412,0.631
28.973,1.091e4,186.623,11.862,324.695,0.346,324.695,0.052,4.667e4,0,59.025,0.362,285.376,240.907,0,98.221,0.519,-56.5,208.116,0.629
29.023,1.092e4,186.031,11.843,325.1,0.347,325.1,0.02,4.667e4,0,59.025,0.362,285.453,240.907,0,97.399,0.519,-56.5,207.821,0.627
29.073,1.093e4,185.439,11.824,325.504,0.348,325.504,0.042,4.667e4,0,59.025,0.362,285.376,240.907,0,96.59,0.519,-56.5,207.527,0.625
29.123,1.093e4,184.849,11.806,325.908,0.349,325.908,0.084,4.667e4,0,59.025,0.362,285.245,240.907,0,95.785,0.518,-56.5,207.233,0.623
29.173,1.094e4,184.259,11.788,326.312,0.35,326.312,0.12,4.667e4,0,59.025,0.362,285.132,240.907,0,94.987,0.518,-56.5,206.941,0.621
29.223,1.095e4,183.67,11.77,326.715,0.351,326.715,0.143,4.667e4,0,59.025,0.362,285.055,240.907,0,94.192,0.518,-56.5,206.649,0.619
29.273,1.096e4,183.082,11.753,327.117,0.352,327.117,0.145,4.667e4,0,59.025,0.362,285.035,240.907,0,93.399,0.517,-56.5,206.359,0.617
29.323,1.097e4,182.495,11.736,327.519,0.353,327.519,0.149,4.667e4,0,59.025,0.362,285.01,240.907,0,92.614,0.517,-56.5,206.069,0.615
29.373,1.098e4,181.909,11.72,327.92,0.354,327.92,0.142,4.667e4,0,59.025,0.362,285.016,240.907,0,91.832,0.517,-56.5,205.781,0.613
29.423,1.099e4,181.324,11.704,328.321,0.354,328.321,0.115,4.667e4,0,59.025,0.362,285.079,240.907,0,91.052,0.516,-56.5,205.493,0.611
29.473,1.1e4,180.739,11.688,328.721,0.355,328.721,0.084,4.667e4,0,59.025,0.362,285.154,240.907,0,90.278,0.516,-56.5,205.206,0.609
29.523,1.101e4,180.155,11.672,329.121,0.356,329.121,0.068,4.667e4,0,59.025,0.362,285.186,240.907,0,89.515,0.516,-56.5,204.92,0.607
29.573,1.102e4,179.572,11.656,329.52,0.357,329.52,0.061,4.667e4,0,59.025,0.362,285.194,240.907,0,88.76,0.515,-56.5,204.635,0.605
29.623,1.103e4,178.99,11.64,329.919,0.358,329.919,0.058,4.667e4,0,59.025,0.362,285.19,240.907,0,88.012,0.515,-56.5,204.351,0.603
29.673,1.103e4,178.409,11.624,330.317,0.359,330.318,0.054,4.667e4,0,59.025,0.362,285.188,240.907,0,87.27,0.515,-56.5,204.068,0.601
29.723,1.104e4,177.829,11.608,330.715,0.36,330.716,0.059,4.667e4,0,59.025,0.362,285.163,240.907,0,86.535,0.514,-56.5,203.786,0.599
29.773,1.105e4,177.249,11.593,331.113,0.361,331.113,0.044,4.667e4,0,59.025,0.362,285.191,240.907,0,85.803,0.514,-56.5,203.504,0.597
29.823,1.106e4,176.67,11.578,331.51,0.362,331.511,0.013,4.667e4,0,59.025,0.362,285.269,240.907,0,85.074,0.514,-56.5,203.224,0.595
29.873,1.107e4,176.092,11.563,331.907,0.363,331.908,0.027,4.667e4,0,59.025,0.362,285.216,240.907,0,84.349,0.514,-56.5,202.944,0.593
29.923,1.108e4,175.514,11.547,332.304,0.364,332.304,0.006,4.667e4,0,59.025,0.362,285.264,240.907,0,83.642,0.513,-56.5,202.666,0.591
29.973,1.109e4,174.938,11.531,332.7,0.365,332.701,0.033,4.667e4,0,59.025,0.362,285.177,240.907,0,82.94,0.513,-56.5,202.388,0.589
30.023,1.11e4,174.362,11.517,333.097,0.366,333.097,0.008,4.667e4,0,59.025,0.362,285.236,240.907,0,82.234,0.513,-56.5,202.112,0.587
30.073,1.11e4,173.787,11.502,333.492,0.367,333.492,0.001,4.667e4,0,59.025,0.362,285.243,240.907,0,81.537,0.512,-56.5,201.836,0.585
30.123,1.111e4,173.212,11.488,333.888,0.368,333.888,0.011,4.667e4,0,59.025,0.362,285.204,240.907,0,80.843,0.512,-56.5,201.561,0.583
30.173,1.112e4,172.639,11.473,334.283,0.369,334.283,0.032,4.667e4,0,59.025,0.362,285.136,240.907,0,80.154,0.512,-56.5,201.287,0.582
30.223,1.113e4,172.066,11.459,334.678,0.369,334.678,0.061,4.667e4,0,59.025,0.362,285.043,240.907,0,79.469,0.512,-56.5,201.014,0.58
30.273,1.114e4,171.493,11.446,335.072,0.37,335.073,0.096,4.667e4,0,59.025,0.362,284.933,240.907,0,78.788,0.511,-56.5,200.742,0.578
30.323,1.115e4,170.922,11.433,335.467,0.371,335.467,0.138,4.667e4,0,59.025,0.362,284.807,240.907,0,78.112,0.511,-56.5,200.47,0.576
30.373,1.116e4,170.351,11.419,335.861,0.372,335.861,0.141,4.667e4,0,59.025,0.362,284.787,240.907,0,77.444,0.511,-56.5,200.2,0.574
30.423,1.117e4,169.781,11.403,336.255,0.373,336.256,0.095,4.667e4,0,59.025,0.362,284.905,240.907,0,76.786,0.51,-56.5,199.931,0.572
30.473,1.117e4,169.212,11.388,336.65,0.374,336.65,0.084,4.667e4,0,59.025,0.362,284.926,240.907,0,76.129,0.51,-56.5,199.662,0.57
30.523,1.118e4,168.643,11.374,337.044,0.375,337.044,0.085,4.667e4,0,59.025,0.362,284.914,240.907,0,75.475,0.51,-56.5,199.394,0.568
30.573,1.119e4,168.075,11.36,337.437,0.376,337.438,0.075,4.667e4,0,59.025,0.362,284.932,240.907,0,74.827,0.51,-56.5,199.128,0.566
30.623,1.12e4,167.508,11.346,337.831,0.377,337.831,0.061,4.667e4,0,59.025,0.362,284.962,240.907,0,74.184,0.509,-56.5,198.862,0.564
30.673,1.121e4,166.942,11.331,338.224,0.378,338.224,0.033,4.667e4,0,59.025,0.362,285.031,240.907,0,73.548,0.509,-56.5,198.597,0.562
30.723,1.122e4,166.376,11.318,338.617,0.379,338.618,0.02,4.667e4,0,59.025,0.362,285.057,240.907,0,72.915,0.509,-56.5,198.333,0.56
30.773,1.122e4,165.811,11.305,339.01,0.38,339.01,0.046,4.667e4,0,59.025,0.362,284.973,240.907,0,72.28,0.508,-56.5,198.07,0.559
30.823,1.123e4,165.246,11.292,339.403,0.381,339.403,0.061,4.667e4,0,59.025,0.362,284.925,240.907,0,71.651,0.508,-56.5,197.808,0.557
30.873,1.124e4,164.682,11.278,339.795,0.382,339.795,0.048,4.667e4,0,59.025,0.362,284.951,240.907,0,71.031,0.508,-56.5,197.546,0.555
30.923,1.125e4,164.119,11.264,340.187,0.383,340.188,0.032,4.667e4,0,59.025,0.362,284.987,240.907,0,70.416,0.508,-56.5,197.286,0.553
30.973,1.126e4,163.557,11.25,340.579,0.384,340.58,0.002,4.667e4,0,59.025,0.362,285.063,240.907,0,69.807,0.507,-56.5,197.026,0.551
31.023,1.126e4,162.995,11.237,340.971,0.385,340.971,0.028,4.667e4,0,59.025,0.362,284.979,240.907,0,69.204,0.507,-56.5,196.768,0.549
31.073,1.127e4,162.434,11.223,341.363,0.386,341.363,0.062,4.667e4,0,59.025,0.362,284.876,240.907,0,68.606,0.507,-56.5,196.51,0.547
31.123,1.128e4,161.874,11.209,341.754,0.387,341.754,0.116,4.667e4,0,59.025,0.362,284.717,240.907,0,68.018,0.507,-56.5,196.253,0.545
31.173,1.129e4,161.314,11.196,342.144,0.388,342.144,0.153,4.667e4,0,59.025,0.362,284.604,240.907,0,67.432,0.506,-56.5,195.997,0.543
31.223,1.13e4,160.755,11.183,342.534,0.389,342.535,0.169,4.667e4,0,59.025,0.362,284.553,240.907,0,66.847,0.506,-56.5,195.742,0.542
31.273,1.131e4,160.196,11.17,342.924,0.39,342.924,0.171,4.667e4,0,59.025,0.362,284.541,240.907,0,66.263,0.506,-56.5,195.488,0.54
31.323,1.131e4,159.638,11.158,343.313,0.391,343.313,0.159,4.667e4,0,59.025,0.362,284.564,240.907,0,65.682,0.505,-56.5,195.234,0.538
31.373,1.132e4,159.081,11.146,343.702,0.392,343.702,0.166,4.667e4,0,59.025,0.362,284.538,240.907,0,65.109,0.505,-56.5,194.982,0.536
31.423,1.133e4,158.524,11.134,344.09,0.393,344.09,0.159,4.667e4,0,59.025,0.362,284.55,240.907,0,64.539,0.505,-56.5,194.73,0.534
31.473,1.134e4,157.968,11.121,344.478,0.394,344.478,0.155,4.667e4,0,59.025,0.362,284.554,240.907,0,63.973,0.505,-56.5,194.48,0.532
31.523,1.134e4,157.412,11.11,344.865,0.395,344.865,0.14,4.667e4,0,59.025,0.362,284.586,240.907,0,63.411,0.504,-56.5,194.23,0.53
31.573,1.135e4,156.858,11.098,345.252,0.395,345.252,0.116,4.667e4,0,59.025,0.362,284.649,240.907,0,62.851,0.504,-56.5,193.981,0.528
31.623,1.136e4,156.303,11.087,345.639,0.396,345.639,0.098,4.667e4,0,59.025,0.362,284.691,240.907,0,62.297,0.504,-56.5,193.733,0.527
31.673,1.137e4,155.75,11.076,346.025,0.397,346.025,0.066,4.667e4,0,59.025,0.362,284.774,240.907,0,61.745,0.504,-56.5,193.486,0.525
31.723,1.138e4,155.197,11.065,346.411,0.398,346.411,0.027,4.667e4,0,59.025,0.362,284.875,240.907,0,61.199,0.503,-56.5,193.247,0.523
31.773,1.138e4,154.644,11.054,346.796,0.399,346.796,0.011,4.667e4,0,59.025,0.362,284.914,240.907,0,60.665,0.503,-56.5,193.02,0.521
31.823,1.139e4,154.092,11.043,347.181,0.4,347.182,0.026,4.667e4,0,59.025,0.362,284.865,240.907,0,60.132,0.503,-56.5,192.794,0.519
31.873,1.14e4,153.541,11.033,347.566,0.401,347.567,0.07,4.667e4,0,59.025,0.362,284.735,240.907,0,59.602,0.503,-56.5,192.569,0.517
31.923,1.141e4,152.99,11.024,347.951,0.402,347.951,0.141,4.667e4,0,59.025,0.362,284.531,240.907,0,59.074,0.502,-56.5,192.344,0.515
31.973,1.141e4,152.44,11.013,348.336,0.403,348.336,0.176,4.667e4,0,59.025,0.362,284.428,240.907,0,58.553,0.502,-56.5,192.121,0.514
32.023,1.142e4,151.89,11.003,348.72,0.404,348.721,0.202,4.667e4,0,59.025,0.362,284.35,240.907,0,58.037,0.502,-56.5,191.898,0.512
32.073,1.143e4,151.341,10.993,349.105,0.405,349.105,0.247,4.667e4,0,59.025,0.362,284.219,240.907,0,57.523,0.502,-56.5,191.676,0.51
32.123,1.144e4,150.792,10.982,349.49,0.406,349.49,0.249,4.667e4,0,59.025,0.362,284.209,240.907,0,57.015,0.501,-56.5,191.455,0.508
32.173,1.144e4,150.244,10.971,349.874,0.407,349.875,0.242,4.667e4,0,59.025,0.362,284.221,240.907,0,56.51,0.501,-56.5,191.235,0.506
32.223,1.145e4,149.696,10.96,350.259,0.408,350.259,0.219,4.667e4,0,59.025,0.362,284.28,240.907,0,56.009,0.501,-56.5,191.015,0.504
32.273,1.146e4,149.149,10.949,350.644,0.409,350.644,0.202,4.667e4,0,59.025,0.362,284.323,240.907,0,55.51,0.501,-56.5,190.796,0.503
32.323,1.147e4,148.603,10.938,351.028,0.41,351.028,0.219,4.667e4,0,59.025,0.362,284.27,240.907,0,55.013,0.5,-56.5,190.578,0.501
32.373,1.147e4,148.057,10.929,351.413,0.411,351.413,0.242,4.667e4,0,59.025,0.362,284.2,240.907,0,54.519,0.5,-56.5,190.361,0.499
32.423,1.148e4,147.511,10.917,351.797,0.412,351.797,0.22,4.667e4,0,59.025,0.362,284.256,240.907,0,54.029,0.5,-56.5,190.145,0.497
32.473,1.149e4,146.966,10.906,352.182,0.413,352.182,0.187,4.667e4,0,59.025,0.362,284.343,240.907,0,53.544,0.5,-56.5,189.929,0.495
32.523,1.15e4,146.422,10.894,352.566,0.414,352.566,0.119,4.667e4,0,59.025,0.362,284.529,240.907,0,53.066,0.5,-56.5,189.715,0.493
32.573,1.15e4,145.878,10.882,352.951,0.415,352.951,0.042,4.667e4,0,59.025,0.362,284.739,240.907,0,52.593,0.499,-56.5,189.501,0.492
32.623,1.151e4,145.335,10.871,353.335,0.416,353.335,0.021,4.667e4,0,59.025,0.362,284.794,240.907,0,52.118,0.499,-56.5,189.288,0.49
32.673,1.152e4,144.792,10.861,353.719,0.417,353.719,0.009,4.667e4,0,59.025,0.362,284.822,240.907,0,51.645,0.499,-56.5,189.075,0.488
32.723,1.153e4,144.25,10.85,354.102,0.418,354.103,0.01,4.667e4,0,59.025,0.362,284.815,240.907,0,51.177,0.499,-56.5,188.864,0.486
32.773,1.153e4,143.708,10.84,354.486,0.419,354.486,0.042,4.667e4,0,59.025,0.362,284.718,240.907,0,50.714,0.498,-56.5,188.653,0.484
32.823,1.154e4,143.167,10.829,354.869,0.42,354.869,0.095,4.667e4,0,59.025,0.362,284.568,240.907,0,50.258,0.498,-56.5,188.443,0.482
32.873,1.155e4,142.626,10.818,355.252,0.421,355.252,0.147,4.667e4,0,59.025,0.362,284.415,240.907,0,49.806,0.498,-56.5,188.234,0.481
32.923,1.155e4,142.086,10.808,355.635,0.422,355.635,0.184,4.667e4,0,59.025,0.362,284.308,240.907,0,49.356,0.498,-56.5,188.025,0.479
32.973,1.156e4,141.547,10.797,356.017,0.423,356.017,0.229,4.667e4,0,59.025,0.362,284.178,240.907,0,48.912,0.497,-56.5,187.818,0.477
33.023,1.157e4,141.007,10.787,356.398,0.424,356.399,0.259,4.667e4,0,59.025,0.362,284.092,240.907,0,48.469,0.497,-56.5,187.611,0.475
33.073,1.158e4,140.469,10.778,356.78,0.425,356.78,0.263,4.667e4,0,59.025,0.362,284.076,240.907,0,48.025,0.497,-56.5,187.405,0.473
33.123,1.158e4,139.93,10.768,357.16,0.426,357.161,0.266,4.667e4,0,59.025,0.362,284.064,240.907,0,47.584,0.497,-56.5,187.2,0.472
33.173,1.159e4,139.392,10.759,357.541,0.427,357.541,0.261,4.667e4,0,59.025,0.362,284.072,240.907,0,47.146,0.497,-56.5,186.996,0.47
33.223,1.16e4,138.855,10.75,357.921,0.428,357.921,0.254,4.667e4,0,59.025,0.362,284.087,240.907,0,46.71,0.496,-56.5,186.792,0.468
33.273,1.16e4,138.318,10.74,358.3,0.429,358.3,0.269,4.667e4,0,59.025,0.362,284.042,240.907,0,46.283,0.496,-56.5,186.589,0.466
33.323,1.161e4,137.782,10.731,358.679,0.43,358.679,0.274,4.667e4,0,59.025,0.362,284.021,240.907,0,45.858,0.496,-56.5,186.387,0.464
33.373,1.162e4,137.246,10.723,359.058,0.431,359.058,0.224,4.667e4,0,59.025,0.362,284.157,240.907,0,45.426,0.496,-56.5,186.186,0.462
33.423,1.162e4,136.71,10.714,359.436,0.432,359.436,0.195,4.667e4,0,59.025,0.362,284.232,240.907,0,45.001,0.495,-56.5,185.985,0.461
33.473,1.163e4,136.175,10.706,359.813,0.433,359.814,0.145,4.667e4,0,59.025,0.362,284.367,240.907,0,44.577,0.495,-56.5,185.786,0.459
33.523,1.164e4,135.641,10.698,360.191,0.434,360.191,0.112,4.667e4,0,59.025,0.362,284.455,240.907,0,44.16,0.495,-56.5,185.587,0.457
33.573,1.164e4,135.107,10.689,360.568,0.435,360.568,0.113,4.667e4,0,59.025,0.362,284.449,240.907,0,43.751,0.495,-56.5,185.389,0.455
33.623,1.165e4,134.573,10.681,360.945,0.436,360.945,0.077,4.667e4,0,59.025,0.362,284.545,240.907,0,43.339,0.495,-56.5,185.191,0.453
33.673,1.166e4,134.04,10.673,361.321,0.437,361.322,0.04,4.667e4,0,59.025,0.362,284.643,240.907,0,42.932,0.494,-56.5,184.995,0.452
33.723,1.166e4,133.507,10.664,361.698,0.438,361.698,0.014,4.667e4,0,59.025,0.362,284.712,240.907,0,42.528,0.494,-56.5,184.799,0.45
33.773,1.167e4,132.975,10.656,362.074,0.439,362.074,0.002,4.667e4,0,59.025,0.362,284.742,240.907,0,42.129,0.494,-56.5,184.604,0.448
33.823,1.168e4,132.443,10.649,362.45,0.44,362.45,0.066,4.667e4,0,59.025,0.362,284.557,240.907,0,41.729,0.494,-56.5,184.41,0.446
33.873,1.168e4,131.911,10.642,362.825,0.441,362.826,0.118,4.667e4,0,59.025,0.362,284.407,240.907,0,41.332,0.494,-56.5,184.216,0.444
33.923,1.169e4,131.38,10.633,363.201,0.442,363.201,0.122,4.667e4,0,59.025,0.362,284.391,240.907,0,40.943,0.493,-56.5,184.024,0.443
33.973,1.17e4,130.849,10.626,363.577,0.443,363.577,0.152,4.667e4,0,59.025,0.362,284.305,240.907,0,40.555,0.493,-56.5,183.832,0.441
34.023,1.17e4,130.319,10.618,363.952,0.444,363.952,0.204,4.667e4,0,59.025,0.362,284.156,240.907,0,40.167,0.493,-56.5,183.641,0.439
34.073,1.171e4,129.789,10.61,364.327,0.445,364.328,0.197,4.667e4,0,59.025,0.362,284.17,240.907,0,39.786,0.493,-56.5,183.45,0.437
34.123,1.172e4,129.26,10.602,364.703,0.446,364.703,0.202,4.667e4,0,59.025,0.362,284.151,240.907,0,39.407,0.493,-56.5,183.261,0.436
34.173,1.172e4,128.731,10.595,365.078,0.447,365.078,0.261,4.667e4,0,59.025,0.362,283.985,240.907,0,39.028,0.492,-56.5,183.072,0.434
34.223,1.173e4,128.202,10.588,365.453,0.448,365.454,0.292,4.667e4,0,59.025,0.362,283.893,240.907,0,38.652,0.492,-56.5,182.884,0.432
34.273,1.174e4,127.674,10.58,365.829,0.449,365.829,0.301,4.667e4,0,59.025,0.362,283.867,240.907,0,38.28,0.492,-56.5,182.697,0.43
34.323,1.174e4,127.146,10.572,366.204,0.45,366.204,0.289,4.667e4,0,59.025,0.362,283.894,240.907,0,37.91,0.492,-56.5,182.51,0.428
34.373,1.175e4,126.618,10.563,366.579,0.451,366.58,0.238,4.667e4,0,59.025,0.362,284.033,240.907,0,37.545,0.492,-56.5,182.325,0.427
34.423,1.175e4,126.091,10.555,366.955,0.452,366.955,0.223,4.667e4,0,59.025,0.362,284.07,240.907,0,37.181,0.491,-56.5,182.14,0.425
34.473,1.176e4,125.565,10.548,367.33,0.453,367.33,0.263,4.667e4,0,59.025,0.362,283.955,240.907,0,36.816,0.491,-56.5,181.956,0.423
34.523,1.177e4,125.038,10.539,367.705,0.454,367.705,0.21,4.667e4,0,59.025,0.362,284.097,240.907,0,36.458,0.491,-56.5,181.772,0.421
34.573,1.177e4,124.513,10.529,368.08,0.455,368.081,0.128,4.667e4,0,59.025,0.362,284.323,240.907,0,36.105,0.491,-56.5,181.59,0.42
34.623,1.178e4,123.987,10.522,368.456,0.456,368.456,0.12,4.667e4,0,59.025,0.362,284.34,240.907,0,35.75,0.491,-56.5,181.408,0.418
34.673,1.179e4,123.462,10.514,368.831,0.457,368.831,0.138,4.667e4,0,59.025,0.362,284.287,240.907,0,35.395,0.49,-56.5,181.227,0.416
34.723,1.179e4,122.937,10.507,369.205,0.458,369.206,0.155,4.667e4,0,59.025,0.362,284.235,240.907,0,35.043,0.49,-56.5,181.047,0.414
34.773,1.18e4,122.413,10.5,369.58,0.459,369.581,0.162,4.667e4,0,59.025,0.362,284.211,240.907,0,34.695,0.49,-56.5,180.867,0.412
34.823,1.18e4,121.889,10.492,369.955,0.461,369.955,0.146,4.667e4,0,59.025,0.362,284.251,240.907,0,34.35,0.49,-56.5,180.689,0.411
34.873,1.181e4,121.366,10.484,370.33,0.462,370.33,0.115,4.667e4,0,59.025,0.362,284.334,240.907,0,34.008,0.49,-56.5,180.511,0.409
34.923,1.182e4,120.843,10.476,370.704,0.463,370.705,0.049,4.667e4,0,59.025,0.362,284.515,240.907,0,33.672,0.489,-56.5,180.334,0.407
34.973,1.182e4,120.32,10.468,371.079,0.464,371.079,0.006,4.667e4,0,59.025,0.362,284.634,240.907,0,33.337,0.489,-56.5,180.157,0.405
35.023,1.183e4,119.798,10.46,371.453,0.465,371.453,0.015,4.667e4,0,59.025,0.362,284.605,240.907,0,33.002,0.489,-56.5,179.981,0.404
35.073,1.183e4,119.276,10.452,371.827,0.466,371.828,0.065,4.667e4,0,59.025,0.362,284.459,240.907,0,32.674,0.489,-56.5,179.807,0.402
35.123,1.184e4,118.754,10.445,372.201,0.467,372.201,0.086,4.667e4,0,59.025,0.362,284.398,240.907,0,32.345,0.489,-56.5,179.632,0.4
35.173,1.185e4,118.233,10.438,372.575,0.468,372.575,0.103,4.667e4,0,59.025,0.362,284.344,240.907,0,32.018,0.489,-56.5,179.459,0.398
35.223,1.185e4,117.712,10.429,372.948,0.469,372.949,0.188,4.667e4,0,59.025,0.362,284.104,240.907,0,31.702,0.488,-56.5,179.287,0.397
35.273,1.186e4,117.191,10.421,373.321,0.47,373.322,0.272,4.667e4,0,59.025,0.362,283.867,240.907,0,31.389,0.488,-56.5,179.115,0.395
35.323,1.186e4,116.671,10.414,373.694,0.471,373.695,0.295,4.667e4,0,59.025,0.362,283.799,240.907,0,31.072,0.488,-56.5,178.944,0.393
35.373,1.187e4,116.151,10.408,374.067,0.472,374.067,0.267,4.667e4,0,59.025,0.362,283.873,240.907,0,30.75,0.488,-56.5,178.773,0.391
35.423,1.188e4,115.631,10.401,374.439,0.473,374.439,0.277,4.667e4,0,59.025,0.362,283.843,240.907,0,30.436,0.488,-56.5,178.609,0.39
35.473,1.188e4,115.112,10.394,374.811,0.474,374.811,0.323,4.667e4,0,59.025,0.362,283.714,240.907,0,30.132,0.488,-56.5,178.453,0.388
35.523,1.189e4,114.593,10.387,375.182,0.475,375.183,0.372,4.667e4,0,59.025,0.362,283.575,240.907,0,29.831,0.487,-56.5,178.298,0.386
35.573,1.189e4,114.075,10.38,375.553,0.476,375.554,0.407,4.667e4,0,59.025,0.362,283.476,240.907,0,29.531,0.487,-56.5,178.144,0.384
35.623,1.19e4,113.557,10.374,375.924,0.477,375.924,0.397,4.667e4,0,59.025,0.362,283.499,240.907,0,29.226,0.487,-56.5,177.99,0.383
35.673,1.19e4,113.039,10.367,376.295,0.478,376.295,0.369,4.667e4,0,59.025,0.362,283.571,240.907,0,28.921,0.487,-56.5,177.837,0.381
35.723,1.191e4,112.521,10.361,376.665,0.479,376.665,0.362,4.667e4,0,59.025,0.362,283.588,240.907,0,28.622,0.487,-56.5,177.684,0.379
35.773,1.192e4,112.004,10.355,377.034,0.48,377.034,0.38,4.667e4,0,59.025,0.362,283.535,240.907,0,28.329,0.486,-56.5,177.532,0.377
35.823,1.192e4,111.487,10.348,377.403,0.481,377.404,0.403,4.667e4,0,59.025,0.362,283.468,240.907,0,28.04,0.486,-56.5,177.381,0.376
35.873,1.193e4,110.971,10.342,377.772,0.483,377.773,0.422,4.667e4,0,59.025,0.362,283.412,240.907,0,27.752,0.486,-56.5,177.231,0.374
35.923,1.193e4,110.455,10.336,378.141,0.484,378.141,0.405,4.667e4,0,59.025,0.362,283.456,240.907,0,27.461,0.486,-56.5,177.081,0.372
35.973,1.194e4,109.939,10.329,378.509,0.485,378.509,0.399,4.667e4,0,59.025,0.362,283.468,240.907,0,27.175,0.486,-56.5,176.932,0.371
36.023,1.194e4,109.423,10.324,378.877,0.486,378.877,0.379,4.667e4,0,59.025,0.362,283.519,240.907,0,26.889,0.486,-56.5,176.784,0.369
36.073,1.195e4,108.908,10.318,379.244,0.487,379.245,0.314,4.667e4,0,59.025,0.362,283.697,240.907,0,26.599,0.485,-56.5,176.637,0.367
36.123,1.195e4,108.393,10.312,379.611,0.488,379.612,0.313,4.667e4,0,59.025,0.362,283.694,240.907,0,26.32,0.485,-56.5,176.49,0.365
36.173,1.196e4,107.878,10.306,379.978,0.489,379.978,0.321,4.667e4,0,59.025,0.362,283.671,240.907,0,26.045,0.485,-56.5,176.344,0.364
36.223,1.196e4,107.364,10.3,380.345,0.49,380.345,0.312,4.667e4,0,59.025,0.362,283.691,240.907,0,25.77,0.485,-56.5,176.198,0.362
36.273,1.197e4,106.85,10.295,380.711,0.491,380.711,0.303,4.667e4,0,59.025,0.362,283.713,240.907,0,25.498,0.485,-56.5,176.053,0.36
36.323,1.198e4,106.336,10.29,381.077,0.492,381.077,0.221,4.667e4,0,59.025,0.362,283.935,240.907,0,25.219,0.485,-56.5,175.909,0.359
36.373,1.198e4,105.823,10.285,381.442,0.493,381.443,0.139,4.667e4,0,59.025,0.362,284.162,240.907,0,24.943,0.485,-56.5,175.766,0.357
36.423,1.199e4,105.309,10.28,381.808,0.494,381.808,0.098,4.667e4,0,59.025,0.362,284.273,240.907,0,24.673,0.484,-56.5,175.623,0.355
36.473,1.199e4,104.797,10.275,382.173,0.495,382.173,0.056,4.667e4,0,59.025,0.362,284.387,240.907,0,24.407,0.484,-56.5,175.481,0.353
36.523,1.2e4,104.284,10.271,382.538,0.496,382.538,0.064,4.667e4,0,59.025,0.362,284.36,240.907,0,24.136,0.484,-56.5,175.34,0.352
36.573,1.2e4,103.772,10.267,382.903,0.497,382.903,0.215,4.667e4,0,59.025,0.362,283.936,240.907,0,23.869,0.484,-56.5,175.2,0.35
36.623,1.201e4,103.26,10.263,383.268,0.498,383.268,0.284,4.667e4,0,59.025,0.362,283.741,240.907,0,23.609,0.484,-56.5,175.06,0.348
36.673,1.201e4,102.748,10.257,383.633,0.5,383.633,0.282,4.667e4,0,59.025,0.362,283.745,240.907,0,23.353,0.484,-56.5,174.921,0.346
36.723,1.202e4,102.236,10.252,383.998,0.501,383.998,0.282,4.667e4,0,59.025,0.362,283.742,240.907,0,23.099,0.483,-56.5,174.782,0.345
36.773,1.202e4,101.725,10.247,384.362,0.502,384.363,0.316,4.667e4,0,59.025,0.362,283.644,240.907,0,22.845,0.483,-56.5,174.644,0.343
36.823,1.203e4,101.214,10.243,384.727,0.503,384.728,0.39,4.667e4,0,59.025,0.362,283.438,240.907,0,22.593,0.483,-56.5,174.507,0.341
36.873,1.203e4,100.704,10.239,385.092,0.504,385.092,0.448,4.667e4,0,59.025,0.362,283.275,240.907,0,22.342,0.483,-56.5,174.371,0.339
36.923,1.204e4,100.193,10.234,385.457,0.505,385.457,0.483,4.667e4,0,59.025,0.362,283.178,240.907,0,22.094,0.483,-56.5,174.235,0.338
36.973,1.204e4,99.683,10.228,385.822,0.506,385.822,0.469,4.667e4,0,59.025,0.362,283.213,240.907,0,21.848,0.483,-56.5,174.1,0.336
37.023,1.205e4,99.173,10.223,386.187,0.507,386.187,0.456,4.667e4,0,59.025,0.362,283.246,240.907,0,21.604,0.483,-56.5,173.966,0.334
37.073,1.205e4,98.664,10.218,386.552,0.508,386.552,0.465,4.667e4,0,59.025,0.362,283.216,240.907,0,21.361,0.482,-56.5,173.832,0.333
37.123,1.206e4,98.155,10.212,386.917,0.509,386.917,0.444,4.667e4,0,59.025,0.362,283.271,240.907,0,21.12,0.482,-56.5,173.699,0.331
37.173,1.206e4,97.646,10.207,387.282,0.51,387.283,0.458,4.667e4,0,59.025,0.362,283.229,240.907,0,20.88,0.482,-56.5,173.567,0.329
37.223,1.207e4,97.137,10.202,387.647,0.511,387.648,0.449,4.667e4,0,59.025,0.362,283.252,240.907,0,20.642,0.482,-56.5,173.435,0.328
37.273,1.207e4,96.628,10.196,388.013,0.512,388.013,0.425,4.667e4,0,59.025,0.362,283.315,240.907,0,20.405,0.482,-56.5,173.304,0.326
37.323,1.208e4,96.12,10.192,388.378,0.513,388.378,0.454,4.667e4,0,59.025,0.362,283.233,240.907,0,20.17,0.482,-56.5,173.174,0.324
37.373,1.208e4,95.612,10.187,388.743,0.515,388.744,0.478,4.667e4,0,59.025,0.362,283.164,240.907,0,19.936,0.482,-56.5,173.045,0.322
37.423,1.209e4,95.105,10.182,389.109,0.516,389.109,0.454,4.667e4,0,59.025,0.362,283.226,240.907,0,19.704,0.481,-56.5,172.916,0.321
37.473,1.209e4,94.597,10.176,389.474,0.517,389.474,0.434,4.667e4,0,59.025,0.362,283.278,240.907,0,19.474,0.481,-56.5,172.788,0.319
37.523,1.21e4,94.09,10.171,389.839,0.518,389.84,0.421,4.667e4,0,59.025,0.362,283.31,240.907,0,19.245,0.481,-56.5,172.66,0.317
37.573,1.21e4,93.583,10.165,390.205,0.519,390.205,0.378,4.667e4,0,59.025,0.362,283.427,240.907,0,19.019,0.481,-56.5,172.534,0.316
37.623,1.21e4,93.077,10.16,390.57,0.52,390.571,0.321,4.667e4,0,59.025,0.362,283.581,240.907,0,18.795,0.481,-56.5,172.408,0.314
37.673,1.211e4,92.571,10.154,390.936,0.521,390.936,0.295,4.667e4,0,59.025,0.362,283.649,240.907,0,18.571,0.481,-56.5,172.282,0.312
37.723,1.211e4,92.064,10.149,391.301,0.522,391.302,0.274,4.667e4,0,59.025,0.362,283.704,240.907,0,18.349,0.481,-56.5,172.158,0.31
37.773,1.212e4,91.559,10.143,391.667,0.523,391.667,0.175,4.667e4,0,59.025,0.362,283.977,240.907,0,18.132,0.48,-56.5,172.034,0.309
37.823,1.212e4,91.053,10.138,392.032,0.524,392.032,0.111,4.667e4,0,59.025,0.362,284.153,240.907,0,17.916,0.48,-56.5,171.91,0.307
37.873,1.213e4,90.548,10.133,392.397,0.525,392.398,0.11,4.667e4,0,59.025,0.362,284.152,240.907,0,17.699,0.48,-56.5,171.788,0.305
37.923,1.213e4,90.043,10.128,392.762,0.527,392.763,0.081,4.667e4,0,59.025,0.362,284.231,240.907,0,17.484,0.48,-56.5,171.666,0.304
37.973,1.214e4,89.538,10.123,393.128,0.528,393.128,0.062,4.667e4,0,59.025,0.362,284.28,240.907,0,17.271,0.48,-56.5,171.545,0.302
38.023,1.214e4,89.034,10.118,393.492,0.529,393.493,0.051,4.667e4,0,59.025,0.362,284.308,240.907,0,17.059,0.48,-56.5,171.424,0.3
38.073,1.215e4,88.529,10.113,393.857,0.53,393.858,0.015,4.667e4,0,59.025,0.362,284.409,240.907,0,16.85,0.48,-56.5,171.304,0.299
38.123,1.215e4,88.025,10.108,394.222,0.531,394.222,0.03,4.667e4,0,59.025,0.362,284.364,240.907,0,16.644,0.479,-56.5,171.185,0.297
38.173,1.215e4,87.522,10.104,394.587,0.532,394.587,0.042,4.667e4,0,59.025,0.362,284.327,240.907,0,16.437,0.479,-56.5,171.067,0.295
38.223,1.216e4,87.018,10.099,394.951,0.533,394.952,0.074,4.667e4,0,59.025,0.362,284.233,240.907,0,16.233,0.479,-56.5,170.949,0.293
38.273,1.216e4,86.515,10.094,395.315,0.534,395.316,0.123,4.667e4,0,59.025,0.362,284.094,240.907,0,16.032,0.479,-56.5,170.832,0.292
38.323,1.217e4,86.012,10.09,395.68,0.535,395.68,0.139,4.667e4,0,59.025,0.362,284.046,240.907,0,15.83,0.479,-56.5,170.715,0.29
38.373,1.217e4,85.509,10.085,396.044,0.536,396.044,0.17,4.667e4,0,59.025,0.362,283.956,240.907,0,15.632,0.479,-56.5,170.599,0.288
38.423,1.218e4,85.006,10.081,396.408,0.538,396.408,0.199,4.667e4,0,59.025,0.362,283.873,240.907,0,15.435,0.479,-56.5,170.484,0.287
38.473,1.218e4,84.504,10.076,396.771,0.539,396.772,0.231,4.667e4,0,59.025,0.362,283.783,240.907,0,15.239,0.479,-56.5,170.37,0.285
38.523,1.218e4,84.002,10.072,397.135,0.54,397.135,0.206,4.667e4,0,59.025,0.362,283.85,240.907,0,15.042,0.478,-56.5,170.256,0.283
38.573,1.219e4,83.5,10.069,397.498,0.541,397.498,0.162,4.667e4,0,59.025,0.362,283.968,240.907,0,14.844,0.478,-56.5,170.143,0.282
38.623,1.219e4,82.998,10.064,397.861,0.542,397.862,0.229,4.667e4,0,59.025,0.362,283.78,240.907,0,14.656,0.478,-56.5,170.031,0.28
38.673,1.22e4,82.497,10.058,398.224,0.543,398.225,0.406,4.667e4,0,59.025,0.362,283.291,240.907,0,14.48,0.478,-56.5,169.919,0.278
38.723,1.22e4,81.996,10.053,398.587,0.544,398.587,0.564,4.667e4,0,59.025,0.362,282.858,240.907,0,14.306,0.478,-56.5,169.808,0.277
38.773,1.22e4,81.495,10.048,398.95,0.545,398.95,0.604,4.667e4,0,59.025,0.362,282.748,240.907,0,14.122,0.478,-56.5,169.698,0.275
38.823,1.221e4,80.994,10.045,399.312,0.546,399.312,0.591,4.667e4,0,59.025,0.362,282.779,240.907,0,13.935,0.478,-56.5,169.588,0.273
38.873,1.221e4,80.493,10.041,399.674,0.548,399.674,0.616,4.667e4,0,59.025,0.362,282.71,240.907,0,13.753,0.478,-56.5,169.479,0.272
38.923,1.222e4,79.993,10.037,400.036,0.549,400.036,0.633,4.667e4,0,59.025,0.362,282.661,240.907,0,13.571,0.478,-56.5,169.371,0.27
38.973,1.222e4,79.493,10.033,400.397,0.55,400.397,0.618,4.667e4,0,59.025,0.362,282.7,240.907,0,13.389,0.477,-56.5,169.264,0.268
39.023,1.222e4,78.993,10.029,400.758,0.551,400.759,0.641,4.667e4,0,59.025,0.362,282.637,240.907,0,13.211,0.477,-56.5,169.157,0.267
39.073,1.223e4,78.493,10.024,401.119,0.552,401.119,0.719,4.667e4,0,59.025,0.362,282.424,240.907,0,13.042,0.477,-56.5,169.05,0.265
39.123,1.223e4,77.994,10.021,401.48,0.553,401.48,0.699,4.667e4,0,59.025,0.362,282.476,240.907,0,12.863,0.477,-56.5,168.945,0.263
39.173,1.224e4,77.494,10.018,401.84,0.554,401.84,0.655,4.667e4,0,59.025,0.362,282.592,240.907,0,12.684,0.477,-56.5,168.84,0.261
39.223,1.224e4,76.995,10.013,402.2,0.555,402.2,0.74,4.667e4,0,59.025,0.362,282.362,240.907,0,12.52,0.477,-56.5,168.736,0.26
39.273,1.224e4,76.497,10.009,402.56,0.556,402.56,0.829,4.667e4,0,59.025,0.362,282.121,240.907,0,12.358,0.477,-56.5,168.632,0.258
39.323,1.225e4,75.998,10.005,402.919,0.558,402.92,0.834,4.667e4,0,59.025,0.362,282.106,240.907,0,12.189,0.477,-56.5,168.529,0.257
39.373,1.225e4,75.499,10.002,403.279,0.559,403.279,0.843,4.667e4,0,59.025,0.362,282.079,240.907,0,12.022,0.476,-56.5,168.427,0.255
39.423,1.226e4,75.001,9.998,403.637,0.56,403.638,0.842,4.667e4,0,59.025,0.362,282.08,240.907,0,11.855,0.476,-56.5,168.326,0.253
39.473,1.226e4,74.503,9.995,403.996,0.561,403.996,0.797,4.667e4,0,59.025,0.362,282.198,240.907,0,11.685,0.476,-56.5,168.225,0.252
39.523,1.226e4,74.005,9.992,404.354,0.562,404.355,0.749,4.667e4,0,59.025,0.362,282.323,240.907,0,11.516,0.476,-56.5,168.125,0.25
39.573,1.227e4,73.508,9.988,404.712,0.563,404.713,0.755,4.667e4,0,59.025,0.362,282.306,240.907,0,11.355,0.476,-56.5,168.025,0.248
39.623,1.227e4,73.01,9.985,405.07,0.564,405.071,0.712,4.667e4,0,59.025,0.362,282.418,240.907,0,11.19,0.476,-56.5,167.927,0.246
39.673,1.227e4,72.513,9.981,405.428,0.566,405.428,0.764,4.667e4,0,59.025,0.362,282.276,240.907,0,11.036,0.476,-56.5,167.829,0.245
39.723,1.228e4,72.016,9.977,405.785,0.567,405.785,0.874,4.667e4,0,59.025,0.362,281.984,240.907,0,10.89,0.476,-56.5,167.731,0.243
39.773,1.228e4,71.519,9.974,406.142,0.568,406.142,0.802,4.667e4,0,59.025,0.362,282.172,240.907,0,10.727,0.476,-56.5,167.634,0.242
39.823,1.228e4,71.023,9.972,406.499,0.569,406.499,0.686,4.667e4,0,59.025,0.362,282.478,240.907,0,10.561,0.476,-56.5,167.538,0.24
39.873,1.229e4,70.526,9.969,406.855,0.57,406.856,0.637,4.667e4,0,59.025,0.362,282.61,240.907,0,10.404,0.475,-56.5,167.443,0.238
39.923,1.229e4,70.03,9.966,407.211,0.571,407.212,0.616,4.667e4,0,59.025,0.362,282.663,240.907,0,10.251,0.475,-56.5,167.348,0.237
39.973,1.229e4,69.534,9.963,407.567,0.572,407.568,0.599,4.667e4,0,59.025,0.362,282.705,240.907,0,10.1,0.475,-56.5,167.254,0.235
40.023,1.23e4,69.038,9.96,407.923,0.573,407.924,0.547,4.667e4,0,59.025,0.362,282.846,240.907,0,9.947,0.475,-56.5,167.161,0.233
40.073,1.23e4,68.542,9.958,408.279,0.575,408.279,0.425,4.667e4,0,59.025,0.362,283.174,240.907,0,9.791,0.475,-56.5,167.068,0.231
40.123,1.23e4,68.047,9.956,408.634,0.576,408.635,0.28,4.667e4,0,59.025,0.362,283.572,240.907,0,9.635,0.475,-56.5,166.976,0.23
40.173,1.231e4,67.552,9.953,408.99,0.577,408.99,0.187,4.667e4,0,59.025,0.362,283.829,240.907,0,9.486,0.475,-56.5,166.885,0.228
40.223,1.231e4,67.057,9.951,409.345,0.578,409.345,0.111,4.667e4,0,59.025,0.362,284.038,240.907,0,9.339,0.475,-56.5,166.794,0.226
40.273,1.231e4,66.562,9.948,409.7,0.579,409.7,0.041,4.667e4,0,59.025,0.362,284.234,240.907,0,9.194,0.475,-56.5,166.704,0.225
40.323,1.232e4,66.067,9.946,410.055,0.58,410.055,0.012,4.667e4,0,59.025,0.362,284.312,240.907,0,9.051,0.475,-56.5,166.615,0.223
40.373,1.232e4,65.573,9.943,410.41,0.581,410.41,0.013,4.667e4,0,59.025,0.362,284.307,240.907,0,8.913,0.474,-56.5,166.526,0.221
40.423,1.232e4,65.078,9.94,410.765,0.583,410.765,0.027,4.667e4,0,59.025,0.362,284.268,240.907,0,8.773,0.474,-56.5,166.438,0.22
40.473,1.233e4,64.584,9.937,411.12,0.584,411.12,0.042,4.667e4,0,59.025,0.362,284.223,240.907,0,8.636,0.474,-56.5,166.351,0.218
40.523,1.233e4,64.09,9.934,411.474,0.585,411.475,0.043,4.667e4,0,59.025,0.362,284.217,240.907,0,8.504,0.474,-56.5,166.264,0.217
40.573,1.233e4,63.597,9.93,411.829,0.586,411.829,0.063,4.667e4,0,59.025,0.362,284.161,240.907,0,8.371,0.474,-56.5,166.178,0.215
40.623,1.234e4,63.103,9.927,412.183,0.587,412.184,0.079,4.667e4,0,59.025,0.362,284.112,240.907,0,8.239,0.474,-56.5,166.093,0.213
40.673,1.234e4,62.61,9.924,412.538,0.588,412.538,0.133,4.667e4,0,59.025,0.362,283.959,240.907,0,8.11,0.474,-56.5,166.009,0.212
40.723,1.234e4,62.117,9.921,412.892,0.589,412.892,0.128,4.667e4,0,59.025,0.362,283.971,240.907,0,7.979,0.474,-56.5,165.925,0.21
40.773,1.235e4,61.624,9.919,413.246,0.591,413.247,0.058,4.667e4,0,59.025,0.362,284.168,240.907,0,7.846,0.474,-56.5,165.841,0.208
40.823,1.235e4,61.131,9.917,413.6,0.592,413.601,0.02,4.667e4,0,59.025,0.362,284.271,240.907,0,7.715,0.474,-56.5,165.759,0.207
40.873,1.235e4,60.638,9.915,413.954,0.593,413.955,0.1,4.667e4,0,59.025,0.362,284.044,240.907,0,7.585,0.474,-56.5,165.677,0.205
40.923,1.236e4,60.146,9.913,414.308,0.594,414.309,0.16,4.667e4,0,59.025,0.362,283.875,240.907,0,7.457,0.473,-56.5,165.596,0.203
40.973,1.236e4,59.654,9.91,414.662,0.595,414.663,0.193,4.667e4,0,59.025,0.362,283.78,240.907,0,7.332,0.473,-56.5,165.515,0.202
41.023,1.236e4,59.162,9.907,415.016,0.596,415.017,0.135,4.667e4,0,59.025,0.362,283.943,240.907,0,7.21,0.473,-56.5,165.435,0.2
41.073,1.236e4,58.67,9.904,415.37,0.598,415.37,0.031,4.667e4,0,59.025,0.362,284.233,240.907,0,7.092,0.473,-56.5,165.356,0.198
41.123,1.237e4,58.178,9.901,415.724,0.599,415.724,0.038,4.667e4,0,59.025,0.362,284.21,240.907,0,6.973,0.473,-56.5,165.277,0.197
41.173,1.237e4,57.687,9.898,416.077,0.6,416.078,0.086,4.667e4,0,59.025,0.362,284.074,240.907,0,6.856,0.473,-56.5,165.199,0.195
41.223,1.237e4,57.195,9.895,416.431,0.601,416.431,0.108,4.667e4,0,59.025,0.362,284.012,240.907,0,6.738,0.473,-56.5,165.123,0.194
41.273,1.238e4,56.704,9.892,416.784,0.602,416.785,0.098,4.667e4,0,59.025,0.362,284.036,240.907,0,6.62,0.473,-56.5,165.052,0.192
41.323,1.238e4,56.213,9.89,417.138,0.603,417.138,0.108,4.667e4,0,59.025,0.362,284.007,240.907,0,6.504,0.473,-56.5,164.982,0.19
41.373,1.238e4,55.723,9.887,417.491,0.605,417.491,0.134,4.667e4,0,59.025,0.362,283.934,240.907,0,6.39,0.473,-56.5,164.912,0.189
41.423,1.238e4,55.232,9.886,417.844,0.606,417.845,0.029,4.667e4,0,59.025,0.362,284.226,240.907,0,6.27,0.473,-56.5,164.844,0.187
41.473,1.239e4,54.742,9.884,418.197,0.607,418.198,0.144,4.667e4,0,59.025,0.362,283.902,240.907,0,6.153,0.473,-56.5,164.775,0.185
41.523,1.239e4,54.252,9.882,418.55,0.608,418.551,0.135,4.667e4,0,59.025,0.362,283.924,240.907,0,6.042,0.472,-56.5,164.708,0.184
41.573,1.239e4,53.762,9.88,418.903,0.609,418.904,0.174,4.667e4,0,59.025,0.362,283.814,240.907,0,5.93,0.472,-56.5,164.641,0.182
41.623,1.24e4,53.272,9.878,419.256,0.61,419.257,0.273,4.667e4,0,59.025,0.362,283.537,240.907,0,5.818,0.472,-56.5,164.574,0.18
41.673,1.24e4,52.782,9.876,419.609,0.611,419.61,0.32,4.667e4,0,59.025,0.362,283.407,240.907,0,5.708,0.472,-56.5,164.508,0.179
41.723,1.24e4,52.293,9.873,419.962,0.613,419.963,0.196,4.667e4,0,59.025,0.362,283.748,240.907,0,5.604,0.472,-56.5,164.443,0.177
41.773,1.24e4,51.804,9.87,420.315,0.614,420.315,0.08,4.667e4,0,59.025,0.362,284.071,240.907,0,5.502,0.472,-56.5,164.379,0.176
41.823,1.241e4,51.315,9.868,420.668,0.615,420.668,0.115,4.667e4,0,59.025,0.362,283.971,240.907,0,5.395,0.472,-56.5,164.315,0.174
41.873,1.241e4,50.826,9.866,421.02,0.616,421.021,0.246,4.667e4,0,59.025,0.362,283.606,240.907,0,5.288,0.472,-56.5,164.251,0.172
41.923,1.241e4,50.338,9.865,421.373,0.617,421.374,0.32,4.667e4,0,59.025,0.362,283.399,240.907,0,5.183,0.472,-56.5,164.189,0.17
41.973,1.241e4,49.849,9.863,421.726,0.619,421.726,0.378,4.667e4,0,59.025,0.362,283.237,240.907,0,5.08,0.472,-56.5,164.127,0.169
42.023,1.242e4,49.361,9.86,422.078,0.62,422.079,0.328,4.667e4,0,59.025,0.362,283.375,240.907,0,4.98,0.472,-56.5,164.065,0.167
42.073,1.242e4,48.873,9.858,422.431,0.621,422.431,0.311,4.667e4,0,59.025,0.362,283.42,240.907,0,4.881,0.472,-56.5,164.004,0.166
42.123,1.242e4,48.385,9.856,422.784,0.622,422.784,0.337,4.667e4,0,59.025,0.362,283.345,240.907,0,4.781,0.472,-56.5,163.944,0.164
42.173,1.242e4,47.898,9.854,423.136,0.623,423.137,0.349,4.667e4,0,59.025,0.362,283.312,240.907,0,4.683,0.472,-56.5,163.884,0.162
42.223,1.243e4,47.411,9.852,423.489,0.624,423.489,0.274,4.667e4,0,59.025,0.362,283.516,240.907,0,4.588,0.471,-56.5,163.825,0.161
42.273,1.243e4,46.923,9.849,423.841,0.626,423.841,0.177,4.667e4,0,59.025,0.362,283.785,240.907,0,4.495,0.471,-56.5,163.767,0.159
42.323,1.243e4,46.437,9.846,424.193,0.627,424.194,0.083,4.667e4,0,59.025,0.362,284.046,240.907,0,4.406,0.472,-56.5,163.709,0.157
42.373,1.243e4,45.95,9.844,424.546,0.628,424.546,0.002,4.667e4,0,59.025,0.362,284.276,240.907,0,4.32,0.472,-56.5,163.652,0.156
42.423,1.243e4,45.463,9.842,424.898,0.629,424.899,0.007,4.667e4,0,59.025,0.362,284.26,240.907,0,4.233,0.473,-56.5,163.596,0.154
42.473,1.244e4,44.977,9.84,425.25,0.63,425.251,0.062,4.667e4,0,59.025,0.362,284.102,240.907,0,4.144,0.473,-56.5,163.54,0.153
42.523,1.244e4,44.491,9.839,425.602,0.631,425.603,0.046,4.667e4,0,59.025,0.362,284.146,240.907,0,4.058,0.474,-56.5,163.484,0.151
42.573,1.244e4,44.005,9.836,425.955,0.633,425.955,0.054,4.667e4,0,59.025,0.362,284.123,240.907,0,3.976,0.474,-56.5,163.43,0.149
42.623,1.244e4,43.52,9.834,426.307,0.634,426.307,0.194,4.667e4,0,59.025,0.362,283.73,240.907,0,3.896,0.475,-56.5,163.376,0.148
42.673,1.245e4,43.035,9.831,426.659,0.635,426.659,0.313,4.667e4,0,59.025,0.362,283.399,240.907,0,3.817,0.475,-56.5,163.322,0.146
42.723,1.245e4,42.549,9.829,427.011,0.636,427.011,0.367,4.667e4,0,59.025,0.362,283.249,240.907,0,3.737,0.476,-56.5,163.269,0.145
42.773,1.245e4,42.065,9.827,427.362,0.637,427.363,0.511,4.667e4,0,59.025,0.362,282.854,240.907,0,3.66,0.476,-56.5,163.217,0.143
42.823,1.245e4,41.58,9.824,427.714,0.639,427.715,0.759,4.667e4,0,59.025,0.362,282.184,240.907,0,3.59,0.477,-56.5,163.165,0.141
42.873,1.245e4,41.096,9.821,428.066,0.64,428.066,0.863,4.667e4,0,59.025,0.362,281.907,240.907,0,3.514,0.477,-56.5,163.114,0.14
42.923,1.246e4,40.612,9.82,428.417,0.641,428.418,0.845,4.667e4,0,59.025,0.362,281.953,240.907,0,3.434,0.478,-56.5,163.064,0.138
42.973,1.246e4,40.128,9.818,428.769,0.642,428.769,0.893,4.667e4,0,59.025,0.362,281.826,240.907,0,3.358,0.478,-56.5,163.014,0.137
43.023,1.246e4,39.644,9.817,429.12,0.643,429.121,0.88,4.667e4,0,59.025,0.362,281.859,240.907,0,3.28,0.479,-56.5,162.965,0.135
43.073,1.246e4,39.161,9.815,429.471,0.645,429.472,0.804,4.667e4,0,59.025,0.362,282.058,240.907,0,3.201,0.48,-56.5,162.917,0.133
43.123,1.246e4,38.678,9.814,429.822,0.646,429.823,0.812,4.667e4,0,59.025,0.362,282.037,240.907,0,3.126,0.48,-56.5,162.869,0.132
43.173,1.247e4,38.195,9.812,430.173,0.647,430.174,0.91,4.667e4,0,59.025,0.362,281.775,240.907,0,3.055,0.481,-56.5,162.821,0.13
43.223,1.247e4,37.713,9.81,430.524,0.648,430.525,0.934,4.667e4,0,59.025,0.362,281.711,240.907,0,2.982,0.482,-56.5,162.775,0.128
43.273,1.247e4,37.23,9.809,430.875,0.649,430.875,0.906,4.667e4,0,59.025,0.362,281.785,240.907,0,2.908,0.482,-56.5,162.728,0.127
43.323,1.247e4,36.749,9.808,431.226,0.651,431.226,0.876,4.667e4,0,59.025,0.362,281.861,240.907,0,2.835,0.483,-56.5,162.683,0.125
43.373,1.247e4,36.267,9.806,431.576,0.652,431.577,0.95,4.667e4,0,59.025,0.362,281.667,240.907,0,2.767,0.484,-56.5,162.638,0.123
43.423,1.247e4,35.786,9.804,431.927,0.653,431.927,1.13,4.667e4,0,59.025,0.362,281.196,240.907,0,2.704,0.484,-56.5,162.594,0.122
43.473,1.248e4,35.305,9.801,432.277,0.654,432.278,1.346,4.667e4,0,59.025,0.362,280.64,240.907,0,2.643,0.485,-56.5,162.55,0.12
43.523,1.248e4,34.824,9.799,432.627,0.655,432.628,1.641,4.667e4,0,59.025,0.362,279.894,240.907,0,2.588,0.486,-56.5,162.507,0.119
43.573,1.248e4,34.344,9.796,432.978,0.657,432.978,1.905,4.667e4,0,59.025,0.362,279.242,240.907,0,2.532,0.486,-56.5,162.465,0.117
43.623,1.248e4,33.864,9.795,433.328,0.658,433.328,2.074,4.667e4,0,59.025,0.362,278.831,240.907,0,2.473,0.487,-56.5,162.423,0.116
43.673,1.248e4,33.384,9.793,433.677,0.659,433.678,2.279,4.667e4,0,59.025,0.362,278.337,240.907,0,2.416,0.488,-56.5,162.382,0.114
43.723,1.248e4,32.905,9.791,434.027,0.66,434.028,2.373,4.667e4,0,59.025,0.362,278.114,240.907,0,2.355,0.488,-56.5,162.341,0.113
43.773,1.249e4,32.426,9.79,434.377,0.661,434.377,2.332,4.667e4,0,59.025,0.362,278.211,240.907,0,2.287,0.489,-56.5,162.301,0.111
43.823,1.249e4,31.948,9.788,434.726,0.663,434.727,2.453,4.667e4,0,59.025,0.362,277.923,240.907,0,2.229,0.49,-56.5,162.262,0.109
43.873,1.249e4,31.47,9.787,435.075,0.664,435.076,2.618,4.667e4,0,59.025,0.362,277.538,240.907,0,2.173,0.491,-56.5,162.223,0.108
43.923,1.249e4,30.992,9.785,435.425,0.665,435.425,2.713,4.667e4,0,59.025,0.362,277.318,240.907,0,2.115,0.492,-56.5,162.185,0.106
43.973,1.249e4,30.515,9.784,435.774,0.666,435.774,2.838,4.667e4,0,59.025,0.362,277.031,240.907,0,2.059,0.492,-56.5,162.148,0.105
44.023,1.249e4,30.039,9.782,436.122,0.667,436.123,3.089,4.667e4,0,59.025,0.362,276.46,240.907,0,2.01,0.493,-56.5,162.111,0.103
44.073,1.25e4,29.562,9.78,436.471,0.669,436.471,3.208,4.667e4,0,59.025,0.362,276.195,240.907,0,1.955,0.494,-56.5,162.075,0.102
44.123,1.25e4,29.087,9.779,436.819,0.67,436.82,3.248,4.667e4,0,59.025,0.362,276.105,240.907,0,1.897,0.495,-56.5,162.039,0.1
44.173,1.25e4,28.611,9.777,437.168,0.671,437.168,3.49,4.667e4,0,59.025,0.362,275.573,240.907,0,1.85,0.496,-56.5,162.004,0.098
44.223,1.25e4,28.137,9.776,437.516,0.672,437.516,3.797,4.667e4,0,59.025,0.362,274.909,240.907,0,1.807,0.497,-56.5,161.969,0.097
44.273,1.25e4,27.663,9.774,437.864,0.674,437.864,3.993,4.667e4,0,59.025,0.362,274.494,240.907,0,1.759,0.498,-56.5,161.936,0.095
44.323,1.25e4,27.189,9.773,438.212,0.675,438.212,3.999,4.667e4,0,59.025,0.362,274.481,240.907,0,1.701,0.499,-56.5,161.902,0.094
44.373,1.25e4,26.716,9.772,438.559,0.676,438.56,4.008,4.667e4,0,59.025,0.362,274.462,240.907,0,1.645,0.5,-56.5,161.87,0.092
44.423,1.25e4,26.244,9.771,438.907,0.677,438.907,4.141,4.667e4,0,59.025,0.362,274.183,240.907,0,1.595,0.501,-56.5,161.838,0.09
44.473,1.251e4,25.772,9.77,439.254,0.678,439.255,4.172,4.667e4,0,59.025,0.362,274.118,240.907,0,1.541,0.502,-56.5,161.806,0.089
44.523,1.251e4,25.301,9.769,439.601,0.68,439.602,4.283,4.667e4,0,59.025,0.362,273.887,240.907,0,1.492,0.503,-56.5,161.776,0.087
44.573,1.251e4,24.831,9.768,439.948,0.681,439.949,4.464,4.667e4,0,59.025,0.362,273.516,240.907,0,1.446,0.504,-56.5,161.746,0.086
44.623,1.251e4,24.362,9.766,440.295,0.682,440.296,4.75,4.667e4,0,59.025,0.362,272.94,240.907,0,1.406,0.505,-56.5,161.716,0.084
44.673,1.251e4,23.893,9.765,440.642,0.683,440.642,5.043,4.667e4,0,59.025,0.362,272.361,240.907,0,1.367,0.506,-56.5,161.687,0.083
44.723,1.251e4,23.425,9.763,440.988,0.685,440.989,5.382,4.667e4,0,59.025,0.362,271.705,240.907,0,1.33,0.507,-56.5,161.659,0.081
44.773,1.251e4,22.958,9.762,441.335,0.686,441.335,5.635,4.667e4,0,59.025,0.362,271.225,240.907,0,1.29,0.508,-56.5,161.631,0.08
44.823,1.251e4,22.492,9.761,441.681,0.687,441.681,5.844,4.667e4,0,59.025,0.362,270.836,240.907,0,1.248,0.51,-56.5,161.604,0.078
44.873,1.251e4,22.027,9.76,442.027,0.688,442.027,6.163,4.667e4,0,59.025,0.362,270.251,240.907,0,1.211,0.511,-56.5,161.577,0.077
44.923,1.252e4,21.564,9.759,442.373,0.689,442.373,6.345,4.667e4,0,59.025,0.362,269.923,240.907,0,1.169,0.512,-56.5,161.552,0.075
44.973,1.252e4,21.101,9.758,442.718,0.691,442.719,6.505,4.667e4,0,59.025,0.362,269.639,240.907,0,1.126,0.514,-56.5,161.526,0.073
45.023,1.252e4,20.639,9.757,443.064,0.692,443.064,6.82,4.667e4,0,59.025,0.362,269.086,240.907,0,1.09,0.515,-56.5,161.502,0.072
45.073,1.252e4,20.179,9.756,443.409,0.693,443.409,7.05,4.667e4,0,59.025,0.362,268.69,240.907,0,1.05,0.516,-56.5,161.478,0.07
45.123,1.252e4,19.72,9.755,443.754,0.694,443.755,7.387,4.667e4,0,59.025,0.362,268.122,240.907,0,1.016,0.518,-56.5,161.454,0.069
45.173,1.252e4,19.263,9.753,444.099,0.696,444.1,7.978,4.667e4,0,59.025,0.362,267.152,240.907,0,0.991,0.519,-56.5,161.431,0.067
45.223,1.252e4,18.807,9.752,444.444,0.697,444.444,8.346,4.667e4,0,59.025,0.362,266.568,240.907,0,0.957,0.52,-56.5,161.409,0.066
45.273,1.252e4,18.353,9.751,444.788,0.698,444.789,8.647,4.667e4,0,59.025,0.362,266.1,240.907,0,0.921,0.522,-56.5,161.388,0.064
45.323,1.252e4,17.901,9.75,445.133,0.699,445.133,9.022,4.667e4,0,59.025,0.362,265.528,240.907,0,0.888,0.524,-56.5,161.367,0.063
45.373,1.252e4,17.451,9.749,445.477,0.7,445.478,9.557,4.667e4,0,59.025,0.362,264.738,240.907,0,0.86,0.525,-56.5,161.346,0.061
45.423,1.252e4,17.002,9.748,445.821,0.702,445.822,10.075,4.667e4,0,59.025,0.362,263.997,240.907,0,0.831,0.527,-56.5,161.326,0.06
45.473,1.253e4,16.556,9.746,446.165,0.703,446.165,10.754,4.667e4,0,59.025,0.362,263.061,240.907,0,0.806,0.528,-56.5,161.307,0.058
45.523,1.253e4,16.113,9.745,446.509,0.704,446.509,11.423,4.667e4,0,59.025,0.362,262.177,240.907,0,0.78,0.53,-56.5,161.289,0.057
45.573,1.253e4,15.672,9.743,446.852,0.705,446.853,12.189,4.667e4,0,59.025,0.362,261.208,240.907,0,0.756,0.532,-56.5,161.271,0.056
45.623,1.253e4,15.233,9.741,447.195,0.707,447.196,13.112,4.667e4,0,59.025,0.362,260.097,240.907,0,0.735,0.533,-56.5,161.253,0.054
45.673,1.253e4,14.798,9.739,447.538,0.708,447.539,14.041,4.667e4,0,59.025,0.362,259.039,240.907,0,0.712,0.535,-56.5,161.237,0.053
45.723,1.253e4,14.367,9.737,447.881,0.709,447.882,14.952,4.667e4,0,59.025,0.362,258.056,240.907,0,0.686,0.537,-56.5,161.221,0.052
45.773,1.253e4,13.939,9.736,448.224,0.71,448.224,15.793,4.667e4,0,59.025,0.362,257.193,240.907,0,0.656,0.538,-56.5,161.205,0.05
45.823,1.253e4,13.514,9.734,448.566,0.712,448.567,16.778,4.667e4,0,59.025,0.362,256.234,240.907,0,0.627,0.54,-56.5,161.19,0.049
45.873,1.253e4,13.095,9.732,448.908,0.713,448.909,17.739,4.667e4,0,59.025,0.362,255.349,240.907,0,0.596,0.542,-56.5,161.176,0.048
45.923,1.253e4,12.68,9.731,449.25,0.714,449.251,18.512,4.667e4,0,59.025,0.362,254.67,240.907,0,0.561,0.544,-56.5,161.162,0.046
45.973,1.253e4,12.27,9.73,449.592,0.715,449.593,19.579,4.667e4,0,59.025,0.362,253.78,240.907,0,0.53,0.547,-56.5,161.149,0.045
46.023,1.253e4,11.867,9.729,449.934,0.717,449.934,20.801,4.667e4,0,59.025,0.362,252.823,240.907,0,0.499,0.549,-56.5,161.137,0.044
46.073,1.253e4,11.469,9.728,450.275,0.718,450.275,21.945,4.667e4,0,59.025,0.362,251.984,240.907,0,0.467,0.551,-56.5,161.125,0.042
46.123,1.253e4,11.079,9.726,450.616,0.719,450.616,23.46,4.667e4,0,59.025,0.362,250.951,240.907,0,0.438,0.553,-56.5,161.114,0.041
46.173,1.253e4,10.697,9.725,450.957,0.72,450.957,25.087,4.667e4,0,59.025,0.362,249.932,240.907,0,0.409,0.554,-56.5,161.103,0.04
46.223,1.253e4,10.324,9.723,451.297,0.722,451.298,26.653,4.667e4,0,59.025,0.362,249.032,240.907,0,0.379,0.557,-56.5,161.093,0.039
46.273,1.253e4,9.96,9.721,451.637,0.723,451.638,28.438,4.667e4,0,59.025,0.362,248.096,240.907,0,0.35,0.558,-56.5,161.084,0.038
46.323,1.253e4,9.607,9.72,451.977,0.724,451.978,30.326,4.667e4,0,59.025,0.362,247.2,240.907,0,0.321,0.56,-56.5,161.075,0.037
46.373,1.254e4,9.266,9.718,452.317,0.725,452.318,32.061,4.667e4,0,59.025,0.362,246.455,240.907,0,0.291,0.562,-56.5,161.067,0.036
46.423,1.254e4,8.939,9.716,452.657,0.727,452.657,34.037,4.667e4,0,59.025,0.362,245.691,240.907,0,0.263,0.564,-56.5,161.059,0.036
46.473,1.254e4,8.627,9.715,452.996,0.728,452.996,36.035,4.667e4,0,59.025,0.362,245.002,240.907,0,0.235,0.567,-56.5,161.052,0.035
46.523,1.254e4,8.331,9.714,453.335,0.729,453.335,37.99,4.667e4,0,59.025,0.362,244.403,240.907,0,0.207,0.569,-56.5,161.046,0.034
46.573,1.254e4,8.054,9.712,453.674,0.73,453.674,40.325,4.667e4,0,59.025,0.362,243.778,240.907,0,0.182,0.571,-56.5,161.04,0.033
46.623,1.254e4,7.797,9.709,454.012,0.732,454.013,42.788,4.667e4,0,59.025,0.362,243.216,240.907,0,0.159,0.572,-56.5,161.035,0.032
46.673,1.254e4,7.563,9.729,454.35,0.733,454.351,45.222,4.667e4,0,59.025,0.362,260.516,240.907,0,0.136,0.574,-56.5,161.03,0.031
46.723,1.254e4,7.355,9.727,454.688,0.734,454.689,48.038,4.667e4,0,59.025,0.362,260.584,240.907,0,0.116,0.575,-56.5,161.026,0.031
46.773,1.254e4,7.174,9.726,455.026,0.735,455.027,50.867,4.667e4,0,59.025,0.362,260.748,240.907,0,0.097,0.576,-56.5,161.023,0.031
46.823,1.254e4,7.022,9.726,455.364,0.737,455.364,53.531,4.667e4,0,59.025,0.362,261.548,240.907,0,0.078,0.578,-56.5,161.02,0.03
46.873,1.254e4,6.901,9.726,455.701,0.738,455.702,56.339,4.667e4,0,59.025,0.362,262.323,240.907,0,0.062,0.58,-56.5,161.018,0.029
46.923,1.254e4,6.813,9.726,456.038,0.739,456.039,59.271,4.667e4,0,59.025,0.362,263.078,240.907,0,0.048,0.581,-56.5,161.017,0.029
46.973,1.254e4,6.758,9.725,456.376,0.74,456.376,62.314,4.667e4,0,59.025,0.362,263.68,240.907,0,0.036,0.582,-56.5,161.016,0.029
47.023,1.254e4,6.739,9.724,456.713,0.742,456.713,65.407,4.667e4,0,59.025,0.362,264.255,240.907,0,0.026,0.582,-56.5,161.015,0.029
47.073,1.254e4,6.754,9.748,457.049,0.743,457.05,NaN,4.667e4,0,59.025,0.362,0,240.907,0,3.873,13.028,-56.5,161.016,0.028
47.176,1.254e4,6.893,9.738,457.74,0.745,457.741,NaN,4.667e4,0,59.025,0.362,0,240.907,0,3.907,13.028,-56.5,161.018,0.028
47.278,1.254e4,7.169,9.727,458.43,0.748,458.431,NaN,4.667e4,0,59.025,0.362,0,240.907,0,4.356,13.028,-56.5,161.023,0.03
47.381,1.254e4,7.568,9.715,459.12,0.751,459.121,NaN,4.667e4,0,59.025,0.362,0,240.907,0,4.762,13.028,-56.5,161.031,0.031
47.484,1.254e4,8.071,9.701,459.811,0.753,459.811,NaN,4.667e4,0,59.025,0.362,0,240.907,0,5.437,13.028,-56.5,161.041,0.034
47.587,1.254e4,8.661,9.686,460.501,0.756,460.501,NaN,4.667e4,0,59.025,0.362,0,240.907,0,6.028,13.028,-56.5,161.054,0.035
47.69,1.254e4,9.32,9.67,461.191,0.758,461.191,NaN,4.667e4,0,59.025,0.362,0,240.907,0,6.616,13.028,-56.5,161.07,0.037
47.794,1.253e4,10.035,9.651,461.881,0.761,461.881,NaN,4.667e4,0,59.025,0.362,0,240.907,0,7.369,13.028,-56.5,161.088,0.039
47.898,1.253e4,10.795,9.631,462.571,0.764,462.571,NaN,4.667e4,0,59.025,0.362,0,240.907,0,8.234,13.028,-56.5,161.109,0.041
48.001,1.253e4,11.592,9.609,463.261,0.766,463.262,NaN,4.667e4,0,59.025,0.362,0,240.907,0,9.288,13.028,-56.5,161.132,0.044
48.105,1.253e4,12.417,9.585,463.951,0.769,463.952,NaN,4.667e4,0,59.025,0.362,0,240.907,0,10.22,13.028,-56.5,161.158,0.046
48.21,1.253e4,13.266,9.56,464.642,0.771,464.643,NaN,4.667e4,0,59.025,0.362,0,240.907,0,11.329,13.028,-56.5,161.187,0.048
48.314,1.253e4,14.134,9.532,465.333,0.774,465.333,NaN,4.667e4,0,59.025,0.362,0,240.907,0,12.584,13.028,-56.5,161.218,0.051
48.419,1.253e4,15.019,9.501,466.024,0.777,466.025,NaN,4.667e4,0,59.025,0.362,0,240.907,0,13.957,13.028,-56.5,161.253,0.054
48.525,1.253e4,15.917,9.468,466.716,0.779,466.716,NaN,4.667e4,0,59.025,0.362,0,240.907,0,15.47,13.028,-56.5,161.289,0.057
48.63,1.252e4,16.826,9.433,467.408,0.782,467.409,NaN,4.667e4,0,59.025,0.362,0,240.907,0,17.07,13.028,-56.5,161.329,0.059
48.736,1.252e4,17.745,9.397,468.101,0.785,468.102,NaN,4.667e4,0,59.025,0.362,0,240.907,0,18.676,13.028,-56.5,161.372,0.062
48.843,1.252e4,18.671,9.354,468.795,0.787,468.796,NaN,4.667e4,0,59.025,0.362,0,240.907,0,20.778,13.028,-56.5,161.417,0.066
48.949,1.252e4,19.605,9.312,469.49,0.79,469.491,NaN,4.667e4,0,59.025,0.362,0,240.907,0,22.79,13.028,-56.5,161.465,0.069
49.057,1.252e4,20.544,9.268,470.186,0.793,470.186,NaN,4.667e4,0,59.025,0.362,0,240.907,0,24.82,13.028,-56.5,161.516,0.072
49.165,1.252e4,21.488,9.221,470.882,0.795,470.883,NaN,4.667e4,0,59.025,0.362,0,240.907,0,27.008,13.028,-56.5,161.57,0.075
49.273,1.251e4,22.437,9.171,471.58,0.798,471.581,NaN,4.667e4,0,59.025,0.362,0,240.907,0,29.289,13.028,-56.5,161.627,0.078
49.382,1.251e4,23.39,9.119,472.279,0.801,472.279,NaN,4.667e4,0,59.025,0.362,0,240.907,0,31.724,13.028,-56.5,161.687,0.081
49.492,1.251e4,24.346,9.067,472.979,0.804,472.979,NaN,4.667e4,0,59.025,0.362,0,240.907,0,34.069,13.028,-56.5,161.75,0.084
49.602,1.251e4,25.306,9.011,473.68,0.806,473.68,NaN,4.667e4,0,59.025,0.362,0,240.907,0,36.709,13.028,-56.5,161.817,0.087
49.713,1.25e4,26.268,8.95,474.382,0.809,474.383,NaN,4.667e4,0,59.025,0.362,0,240.907,0,39.594,13.028,-56.5,161.886,0.09
49.825,1.25e4,27.233,8.888,475.086,0.812,475.087,NaN,4.667e4,0,59.025,0.362,0,240.907,0,42.56,13.028,-56.5,161.959,0.094
49.937,1.25e4,28.199,8.824,475.792,0.815,475.793,NaN,4.667e4,0,59.025,0.362,0,240.907,0,45.635,13.028,-56.5,162.035,0.097
50.051,1.249e4,29.168,8.759,476.499,0.818,476.5,NaN,4.667e4,0,59.025,0.362,0,240.907,0,48.609,13.028,-56.5,162.114,0.1
50.165,1.249e4,30.138,8.69,477.208,0.821,477.209,NaN,4.667e4,0,59.025,0.362,0,240.907,0,51.801,13.028,-56.5,162.197,0.103
50.28,1.249e4,31.11,8.62,477.918,0.823,477.919,NaN,4.667e4,0,59.025,0.362,0,240.907,0,55.041,13.028,-56.5,162.284,0.106
50.396,1.248e4,32.084,8.547,478.631,0.826,478.631,NaN,4.667e4,0,59.025,0.362,0,240.907,0,58.456,13.028,-56.5,162.374,0.11
50.513,1.248e4,33.058,8.471,479.345,0.829,479.345,NaN,4.667e4,0,59.025,0.362,0,240.907,0,62.011,13.028,-56.5,162.467,0.113
50.631,1.248e4,34.034,8.392,480.061,0.832,480.061,NaN,4.667e4,0,59.025,0.362,0,240.907,0,65.781,13.028,-56.5,162.565,0.116
50.75,1.247e4,35.011,8.312,480.779,0.835,480.779,NaN,4.667e4,0,59.025,0.362,0,240.907,0,69.427,13.028,-56.5,162.666,0.119
50.871,1.247e4,35.989,8.228,481.499,0.838,481.5,NaN,4.667e4,0,59.025,0.362,0,240.907,0,73.437,13.028,-56.5,162.772,0.123
50.992,1.246e4,36.968,8.142,482.221,0.841,482.222,NaN,4.667e4,0,59.025,0.362,0,240.907,0,77.448,13.028,-56.5,162.881,0.126
51.115,1.246e4,37.947,8.057,482.946,0.844,482.947,NaN,4.667e4,0,59.025,0.362,0,240.907,0,81.27,13.028,-56.5,162.995,0.129
51.239,1.245e4,38.928,7.966,483.673,0.847,483.674,NaN,4.667e4,0,59.025,0.362,0,240.907,0,85.458,13.028,-56.5,163.113,0.132
51.365,1.245e4,39.909,7.873,484.402,0.85,484.403,NaN,4.667e4,0,59.025,0.362,0,240.907,0,89.86,13.028,-56.5,163.236,0.136
51.492,1.244e4,40.891,7.778,485.135,0.853,485.135,NaN,4.667e4,0,59.025,0.362,0,240.907,0,94.295,13.028,-56.5,163.363,0.139
51.62,1.244e4,41.874,7.68,485.87,0.856,485.871,NaN,4.667e4,0,59.025,0.362,0,240.907,0,98.855,13.028,-56.5,163.495,0.142
51.75,1.243e4,42.857,7.579,486.608,0.859,486.609,NaN,4.667e4,0,59.025,0.362,0,240.907,0,103.502,13.028,-56.5,163.632,0.145
51.882,1.243e4,43.841,7.477,487.349,0.862,487.35,NaN,4.667e4,0,59.025,0.362,0,240.907,0,108.201,13.028,-56.5,163.774,0.148
52.016,1.242e4,44.825,7.371,488.094,0.865,488.095,NaN,4.667e4,0,59.025,0.362,0,240.907,0,113.093,13.028,-56.5,163.921,0.152
52.152,1.242e4,45.81,7.264,488.843,0.869,488.843,NaN,4.667e4,0,59.025,0.362,0,240.907,0,117.994,13.028,-56.5,164.074,0.155
52.289,1.241e4,46.796,7.153,489.595,0.872,489.596,NaN,4.667e4,0,59.025,0.362,0,240.907,0,123.17,13.028,-56.5,164.232,0.158
52.429,1.24e4,47.782,7.038,490.351,0.875,490.352,NaN,4.667e4,0,59.025,0.362,0,240.907,0,128.647,13.028,-56.5,164.397,0.162
52.571,1.24e4,48.767,6.92,491.113,0.878,491.113,NaN,4.667e4,0,59.025,0.362,0,240.907,0,134.189,13.028,-56.5,164.567,0.165
52.716,1.239e4,49.753,6.801,491.878,0.882,491.879,NaN,4.667e4,0,59.025,0.362,0,240.907,0,139.813,13.028,-56.5,164.745,0.168
52.863,1.238e4,50.74,6.678,492.648,0.885,492.649,NaN,4.667e4,0,59.025,0.362,0,240.907,0,145.626,13.028,-56.5,164.929,0.172
53.013,1.237e4,51.726,6.554,493.423,0.889,493.424,NaN,4.667e4,0,59.025,0.362,0,240.907,0,151.415,13.028,-56.5,165.12,0.175
53.165,1.237e4,52.712,6.426,494.203,0.892,494.203,NaN,4.667e4,0,59.025,0.362,0,240.907,0,157.437,13.028,-56.5,165.334,0.178
53.321,1.236e4,53.699,6.294,494.987,0.895,494.988,NaN,4.667e4,0,59.025,0.362,0,240.907,0,163.678,13.028,-56.5,165.557,0.182
53.48,1.235e4,54.685,6.161,495.776,0.899,495.777,NaN,4.667e4,0,59.025,0.362,0,240.907,0,169.879,13.028,-56.5,165.789,0.185
53.642,1.234e4,55.672,6.025,496.571,0.903,496.572,NaN,4.667e4,0,59.025,0.362,0,240.907,0,176.125,13.028,-56.5,166.031,0.188
53.808,1.233e4,56.659,5.887,497.371,0.906,497.371,NaN,4.667e4,0,59.025,0.362,0,240.907,0,182.326,13.028,-56.5,166.283,0.191
53.978,1.232e4,57.646,5.744,498.177,0.91,498.177,NaN,4.667e4,0,59.025,0.362,0,240.907,0,189.144,13.028,-56.5,166.545,0.195
54.152,1.231e4,58.634,5.598,498.989,0.914,498.99,NaN,4.667e4,0,59.025,0.362,0,240.907,0,196.086,13.028,-56.5,166.818,0.198
54.33,1.23e4,59.621,5.449,499.809,0.917,499.81,NaN,4.667e4,0,59.025,0.362,0,240.907,0,203.136,13.028,-56.5,167.103,0.201
54.514,1.229e4,60.608,5.297,500.635,0.921,500.636,NaN,4.667e4,0,59.025,0.362,0,240.907,0,210.14,13.028,-56.5,167.401,0.205
54.703,1.228e4,61.595,5.142,501.468,0.925,501.469,NaN,4.667e4,0,59.025,0.362,0,240.907,0,217.411,13.028,-56.5,167.713,0.208
54.897,1.227e4,62.581,4.984,502.308,0.929,502.309,NaN,4.667e4,0,59.025,0.362,0,240.907,0,224.723,13.028,-56.5,168.039,0.211
55.098,1.225e4,63.568,4.822,503.157,0.933,503.158,NaN,4.667e4,0,59.025,0.362,0,240.907,0,232.178,13.028,-56.5,168.382,0.214
55.305,1.224e4,64.555,4.657,504.014,0.937,504.015,NaN,4.667e4,0,59.025,0.362,0,240.907,0,239.807,13.028,-56.5,168.741,0.218
55.52,1.223e4,65.543,4.488,504.881,0.942,504.882,NaN,4.667e4,0,59.025,0.362,0,240.907,0,247.711,13.028,-56.5,169.118,0.221
55.743,1.221e4,66.53,4.316,505.758,0.946,505.759,NaN,4.667e4,0,59.025,0.362,0,240.907,0,255.846,13.028,-56.5,169.516,0.224
55.975,1.22e4,67.517,4.14,506.647,0.951,506.648,NaN,4.667e4,0,59.025,0.362,0,240.907,0,264.262,13.028,-56.5,169.936,0.228
56.216,1.218e4,68.502,3.96,507.547,0.955,507.547,NaN,4.667e4,0,59.025,0.362,0,240.907,0,272.651,13.028,-56.5,170.381,0.231
56.469,1.216e4,69.487,3.775,508.457,0.96,508.458,NaN,4.667e4,0,59.025,0.362,0,240.907,0,281.287,13.028,-56.5,170.852,0.234
56.733,1.214e4,70.472,3.586,509.38,0.965,509.381,NaN,4.667e4,0,59.025,0.362,0,240.907,0,290.038,13.028,-56.5,171.354,0.238
57.012,1.212e4,71.456,3.393,510.316,0.97,510.317,NaN,4.667e4,0,59.025,0.362,0,240.907,0,299.031,13.028,-56.5,171.889,0.241
57.307,1.21e4,72.441,3.195,511.267,0.975,511.268,NaN,4.667e4,0,59.025,0.362,0,240.907,0,308.324,13.028,-56.5,172.463,0.244
57.62,1.208e4,73.424,2.993,512.234,0.98,512.235,NaN,4.667e4,0,59.025,0.362,0,240.907,0,317.915,13.028,-56.5,173.081,0.248
57.954,1.205e4,74.405,2.784,513.217,0.986,513.218,NaN,4.667e4,0,59.025,0.362,0,240.907,0,327.622,13.028,-56.5,173.75,0.251
58.313,1.203e4,75.385,2.57,514.217,0.991,514.218,NaN,4.667e4,0,59.025,0.362,0,240.907,0,337.634,13.028,-56.5,174.478,0.254
58.702,1.2e4,76.365,2.354,515.237,0.998,515.237,NaN,4.667e4,0,59.025,0.362,0,240.907,0,348.217,13.028,-56.5,175.277,0.257
59.127,1.197e4,77.338,2.125,516.272,1.004,516.273,NaN,4.667e4,0,59.025,0.362,0,240.907,0,358.807,13.028,-56.5,176.162,0.261
59.598,1.193e4,78.31,1.887,517.323,1.011,517.324,NaN,4.667e4,0,59.025,0.362,0,240.907,0,369.776,13.028,-56.5,177.153,0.264
60.098,1.189e4,79.225,1.655,518.337,1.018,518.338,NaN,4.667e4,0,59.025,0.362,0,240.907,0,380.667,13.028,-56.5,178.22,0.267
60.598,1.185e4,80.024,1.439,519.251,1.024,519.252,NaN,4.667e4,0,59.025,0.362,0,240.907,0,390.758,13.028,-56.5,179.349,0.27
61.098,1.181e4,80.715,1.247,520.069,1.031,520.07,NaN,4.667e4,0,59.025,0.362,0,240.907,0,400.169,13.028,-56.5,180.527,0.272
61.598,1.177e4,81.306,1.065,520.792,1.037,520.794,NaN,4.667e4,0,59.025,0.362,0,240.907,0,408.597,13.028,-56.5,181.714,0.274
62.098,1.173e4,81.807,0.905,521.426,1.042,521.427,NaN,4.667e4,0,59.025,0.362,0,240.907,0,416.321,13.028,-56.5,182.91,0.276
62.598,1.169e4,82.225,0.765,521.974,1.048,521.975,NaN,4.667e4,0,59.025,0.362,0,240.907,0,423.338,13.028,-56.5,184.112,0.277
63.098,1.165e4,82.568,0.634,522.439,1.053,522.44,NaN,4.667e4,0,59.025,0.362,0,240.907,0,429.605,13.028,-56.5,185.319,0.278
63.598,1.161e4,82.844,0.553,522.825,1.058,522.826,NaN,4.667e4,0,59.025,0.362,0,240.907,0,435.444,13.028,-56.5,186.532,0.279
64.098,1.156e4,83.058,0.42,523.129,1.062,523.13,NaN,4.667e4,0,59.025,0.362,0,240.907,0,440.303,13.028,-56.5,187.747,0.28
64.598,1.152e4,83.219,0.366,523.356,1.067,523.357,NaN,4.667e4,0,59.025,0.362,0,240.907,0,444.945,13.028,-56.5,188.966,0.28
65.098,1.148e4,83.332,0.289,523.514,1.071,523.515,NaN,4.667e4,0,59.025,0.362,0,240.907,0,448.933,13.028,-56.5,190.187,0.281
65.598,1.144e4,83.401,0.242,523.605,1.075,523.606,NaN,4.667e4,0,59.025,0.362,0,240.907,0,452.52,13.028,-56.5,191.409,0.281
66.098,1.14e4,83.432,0.219,523.634,1.079,523.636,NaN,4.667e4,0,59.025,0.362,0,240.907,0,455.712,13.028,-56.5,192.631,0.281
66.598,1.136e4,83.429,0.204,523.607,1.082,523.608,NaN,4.667e4,0,59.025,0.362,0,240.907,0,458.61,13.028,-56.5,193.897,0.281
67.098,1.131e4,83.394,0.216,523.529,1.085,523.53,NaN,4.667e4,0,59.025,0.362,0,240.907,0,461.322,13.028,-56.5,195.22,0.281
67.598,1.127e4,83.331,0.279,523.405,1.088,523.406,NaN,4.667e4,0,59.025,0.362,0,240.907,0,463.808,13.028,-56.5,196.542,0.281
68.098,1.123e4,83.241,0.315,523.232,1.091,523.233,NaN,4.667e4,0,59.025,0.362,0,240.907,0,465.931,13.028,-56.5,197.863,0.28
68.598,1.119e4,83.129,0.324,523.005,1.094,523.006,NaN,4.667e4,0,59.025,0.362,0,240.907,0,467.702,13.028,-56.5,199.182,0.28
69.098,1.115e4,82.998,0.326,522.727,1.096,522.728,NaN,4.667e4,0,59.025,0.362,0,240.907,0,469.218,13.028,-56.5,200.5,0.279
69.598,1.111e4,82.85,0.349,522.409,1.099,522.41,NaN,4.667e4,0,59.025,0.362,0,240.907,0,470.591,13.028,-56.5,201.815,0.279
70.098,1.106e4,82.687,0.371,522.059,1.101,522.06,NaN,4.667e4,0,59.025,0.362,0,240.907,0,471.779,13.028,-56.5,203.127,0.278
70.598,1.102e4,82.512,0.4,521.678,1.103,521.68,NaN,4.667e4,0,59.025,0.362,0,240.907,0,472.836,13.028,-56.5,204.437,0.278
71.098,1.098e4,82.326,0.413,521.266,1.105,521.267,NaN,4.667e4,0,59.025,0.362,0,240.907,0,473.685,13.028,-56.5,205.745,0.277
71.598,1.094e4,82.13,0.429,520.819,1.107,520.82,NaN,4.667e4,0,59.025,0.362,0,240.907,0,474.422,13.028,-56.5,207.049,0.276
72.098,1.09e4,81.927,0.436,520.34,1.108,520.341,NaN,4.667e4,0,59.025,0.362,0,240.907,0,475.012,13.028,-56.5,208.35,0.276
72.598,1.086e4,81.717,0.443,519.83,1.11,519.831,NaN,4.667e4,0,59.025,0.362,0,240.907,0,475.579,13.028,-56.5,209.684,0.275
73.098,1.082e4,81.501,0.457,519.294,1.111,519.295,NaN,4.667e4,0,59.025,0.362,0,240.907,0,476.225,13.028,-56.5,211.085,0.274
73.598,1.078e4,81.279,0.471,518.735,1.113,518.736,NaN,4.667e4,0,59.025,0.362,0,240.907,0,476.768,13.028,-56.5,212.481,0.274
74.098,1.074e4,81.051,0.48,518.15,1.114,518.151,NaN,4.667e4,0,59.025,0.362,0,240.907,0,477.192,13.028,-56.5,213.874,0.273
74.598,1.07e4,80.818,0.482,517.538,1.115,517.539,NaN,4.667e4,0,59.025,0.362,0,240.907,0,477.504,13.028,-56.5,215.263,0.272
75.098,1.066e4,80.582,0.49,516.901,1.116,516.902,NaN,4.667e4,0,59.025,0.362,0,240.907,0,477.776,13.028,-56.5,216.648,0.271
75.598,1.062e4,80.343,0.489,516.239,1.117,516.241,NaN,4.667e4,0,59.025,0.362,0,240.907,0,477.937,13.028,-56.5,218.028,0.27
76.098,1.058e4,80.102,0.488,515.556,1.118,515.557,NaN,4.667e4,0,59.025,0.362,0,240.907,0,478.053,13.028,-56.5,219.405,0.27
76.598,1.054e4,79.86,0.488,514.858,1.119,514.859,NaN,4.667e4,0,59.025,0.362,0,240.907,0,478.123,13.028,-56.5,220.777,0.269
77.098,1.05e4,79.617,0.489,514.148,1.119,514.15,NaN,4.667e4,0,59.025,0.362,0,240.907,0,478.158,13.028,-56.5,222.145,0.268
77.598,1.046e4,79.373,0.489,513.43,1.12,513.431,NaN,4.667e4,0,59.025,0.362,0,240.907,0,478.149,13.028,-56.5,223.509,0.267
78.098,1.042e4,79.13,0.488,512.702,1.121,512.704,NaN,4.667e4,0,59.025,0.362,0,240.907,0,478.111,13.028,-56.5,224.869,0.266
78.598,1.038e4,78.887,0.49,511.966,1.121,511.967,NaN,4.667e4,0,59.025,0.362,0,240.907,0,478.06,13.028,-56.5,226.225,0.266
79.098,1.034e4,78.645,0.478,511.216,1.122,511.217,NaN,4.667e4,0,59.025,0.362,0,240.907,0,477.622,13.028,-56.269,227.664,0.265
79.598,1.03e4,78.408,0.467,510.451,1.122,510.452,NaN,4.667e4,0,59.025,0.362,0,240.907,0,477.179,13.028,-56.014,229.107,0.264
80.098,1.026e4,78.175,0.463,509.677,1.122,509.678,NaN,4.667e4,0,59.025,0.362,0,240.907,0,476.789,13.028,-55.759,230.547,0.263
80.598,1.022e4,77.947,0.451,508.889,1.123,508.891,NaN,4.667e4,0,59.025,0.362,0,240.907,0,476.383,13.028,-55.506,231.982,0.262
81.098,1.018e4,77.723,0.448,508.088,1.123,508.089,NaN,4.667e4,0,59.025,0.362,0,240.907,0,476.036,13.028,-55.253,233.413,0.261
81.598,1.014e4,77.504,0.439,507.27,1.123,507.271,NaN,4.667e4,0,59.025,0.362,0,240.907,0,475.672,13.028,-55.001,234.839,0.26
82.098,1.01e4,77.288,0.434,506.434,1.123,506.435,NaN,4.667e4,0,59.025,0.362,0,240.907,0,475.346,13.028,-54.749,236.262,0.259
82.598,1.007e4,77.076,0.424,505.579,1.123,505.58,NaN,4.667e4,0,59.025,0.362,0,240.907,0,475.011,13.028,-54.498,237.681,0.258
83.098,1.003e4,76.868,0.417,504.704,1.123,504.706,NaN,4.667e4,0,59.025,0.362,0,240.907,0,474.699,13.028,-54.248,239.096,0.258
83.598,9988.205,76.662,0.406,503.814,1.123,503.815,NaN,4.667e4,0,59.025,0.362,0,240.907,0,474.382,13.028,-53.999,240.507,0.257
84.098,9949.935,76.46,0.399,502.914,1.123,502.915,NaN,4.667e4,0,59.025,0.362,0,240.907,0,474.099,13.028,-53.75,241.914,0.256
84.598,9911.765,76.261,0.395,502.012,1.123,502.013,NaN,4.667e4,0,59.025,0.362,0,240.907,0,473.835,13.028,-53.502,243.318,0.255
85.098,9873.695,76.064,0.391,501.105,1.123,501.106,NaN,4.667e4,0,59.025,0.362,0,240.907,0,473.58,13.028,-53.255,244.718,0.254
85.598,9835.722,75.871,0.387,500.187,1.123,500.188,NaN,4.667e4,0,59.025,0.362,0,240.907,0,473.489,13.028,-53.008,246.206,0.254
86.098,9797.846,75.678,0.384,499.267,1.123,499.268,NaN,4.667e4,0,59.025,0.362,0,240.907,0,473.396,13.028,-52.761,247.692,0.253
86.598,9760.066,75.486,0.381,498.352,1.123,498.354,NaN,4.667e4,0,59.025,0.362,0,240.907,0,473.292,13.028,-52.516,249.175,0.252
87.098,9722.381,75.296,0.379,497.438,1.123,497.439,NaN,4.667e4,0,59.025,0.362,0,240.907,0,473.171,13.028,-52.271,250.654,0.251
87.598,9684.792,75.106,0.377,496.524,1.123,496.525,NaN,4.667e4,0,59.025,0.362,0,240.907,0,473.043,13.028,-52.027,252.128,0.25
88.098,9647.297,74.918,0.373,495.614,1.123,495.615,NaN,4.667e4,0,59.025,0.362,0,240.907,0,472.904,13.028,-51.783,253.6,0.25
88.598,9609.895,74.732,0.369,494.707,1.122,494.709,NaN,4.667e4,0,59.025,0.362,0,240.907,0,472.759,13.028,-51.54,255.067,0.249
89.098,9572.586,74.548,0.367,493.799,1.122,493.8,NaN,4.667e4,0,59.025,0.362,0,240.907,0,472.611,13.028,-51.297,256.531,0.248
89.598,9535.37,74.365,0.365,492.887,1.122,492.888,NaN,4.667e4,0,59.025,0.362,0,240.907,0,472.462,13.028,-51.055,257.992,0.248
90.098,9498.244,74.184,0.359,491.965,1.122,491.966,NaN,4.667e4,0,59.025,0.362,0,240.907,0,472.29,13.028,-50.814,259.448,0.247
90.598,9461.208,74.005,0.355,491.037,1.121,491.038,NaN,4.667e4,0,59.025,0.362,0,240.907,0,472.127,13.028,-50.573,260.901,0.246
91.098,9424.262,73.827,0.352,490.108,1.121,490.109,NaN,4.667e4,0,59.025,0.362,0,240.907,0,471.965,13.028,-50.333,262.351,0.245
91.598,9387.404,73.652,0.351,489.176,1.121,489.177,NaN,4.667e4,0,59.025,0.362,0,240.907,0,471.803,13.028,-50.094,263.797,0.245
92.098,9350.633,73.477,0.348,488.248,1.12,488.249,NaN,4.667e4,0,59.025,0.362,0,240.907,0,471.733,13.028,-49.855,265.296,0.244
92.598,9313.95,73.303,0.346,487.328,1.12,487.33,NaN,4.667e4,0,59.025,0.362,0,240.907,0,471.715,13.028,-49.616,266.828,0.243
93.098,9277.353,73.13,0.345,486.414,1.12,486.416,NaN,4.667e4,0,59.025,0.362,0,240.907,0,471.676,13.028,-49.378,268.356,0.243
93.598,9240.842,72.958,0.344,485.504,1.119,485.505,NaN,4.667e4,0,59.025,0.362,0,240.907,0,471.618,13.028,-49.141,269.88,0.242
94.098,9204.418,72.785,0.343,484.596,1.119,484.597,NaN,4.667e4,0,59.025,0.362,0,240.907,0,471.545,13.028,-48.904,271.4,0.241
94.598,9168.079,72.614,0.341,483.694,1.119,483.695,NaN,4.667e4,0,59.025,0.362,0,240.907,0,471.462,13.028,-48.668,272.917,0.241
95.098,9131.826,72.444,0.338,482.792,1.118,482.793,NaN,4.667e4,0,59.025,0.362,0,240.907,0,471.357,13.028,-48.432,274.431,0.24
95.598,9095.657,72.275,0.336,481.887,1.118,481.888,NaN,4.667e4,0,59.025,0.362,0,240.907,0,471.249,13.028,-48.197,275.941,0.239
96.098,9059.573,72.108,0.333,480.982,1.118,480.983,NaN,4.667e4,0,59.025,0.362,0,240.907,0,471.134,13.028,-47.963,277.447,0.239
96.598,9023.572,71.942,0.33,480.074,1.117,480.076,NaN,4.667e4,0,59.025,0.362,0,240.907,0,471.012,13.028,-47.729,278.95,0.238
97.098,8987.654,71.777,0.327,479.165,1.117,479.166,NaN,4.667e4,0,59.025,0.362,0,240.907,0,470.885,13.028,-47.495,280.45,0.237
97.598,8951.818,71.613,0.324,478.253,1.116,478.254,NaN,4.667e4,0,59.025,0.362,0,240.907,0,470.753,13.028,-47.262,281.946,0.237
98.098,8916.063,71.451,0.324,477.339,1.116,477.34,NaN,4.667e4,0,59.025,0.362,0,240.907,0,470.622,13.028,-47.03,283.438,0.236
98.598,8880.39,71.29,0.319,476.43,1.116,476.431,NaN,4.667e4,0,59.025,0.362,0,240.907,0,470.484,13.028,-46.798,284.928,0.235
99.098,8844.796,71.131,0.318,475.523,1.115,475.525,NaN,4.667e4,0,59.025,0.362,0,240.907,0,470.466,13.028,-46.567,286.488,0.235
99.598,8809.282,70.972,0.319,474.617,1.115,474.619,NaN,4.667e4,0,59.025,0.362,0,240.907,0,470.467,13.028,-46.336,288.064,0.234
100.098,8773.847,70.813,0.319,473.71,1.114,473.712,NaN,4.667e4,0,59.025,0.362,0,240.907,0,470.444,13.028,-46.106,289.636,0.233
100.598,8738.492,70.655,0.316,472.796,1.114,472.797,NaN,4.667e4,0,59.025,0.362,0,240.907,0,470.394,13.028,-45.876,291.205,0.233
101.098,8703.216,70.497,0.315,471.877,1.114,471.878,NaN,4.667e4,0,59.025,0.362,0,240.907,0,470.335,13.028,-45.646,292.771,0.232
101.598,8668.018,70.34,0.313,470.953,1.113,470.955,NaN,4.667e4,0,59.025,0.362,0,240.907,0,470.261,13.028,-45.418,294.333,0.231
102.098,8632.899,70.184,0.311,470.027,1.113,470.028,NaN,4.667e4,0,59.025,0.362,0,240.907,0,470.177,13.028,-45.189,295.891,0.231
102.598,8597.858,70.028,0.31,469.101,1.112,469.103,NaN,4.667e4,0,59.025,0.362,0,240.907,0,470.086,13.028,-44.962,297.446,0.23
103.098,8562.895,69.874,0.307,468.181,1.112,468.182,NaN,4.667e4,0,59.025,0.362,0,240.907,0,469.985,13.028,-44.734,298.998,0.23
103.598,8528.009,69.72,0.304,467.265,1.112,467.266,NaN,4.667e4,0,59.025,0.362,0,240.907,0,469.88,13.028,-44.508,300.546,0.229
104.098,8493.199,69.568,0.303,466.351,1.111,466.352,NaN,4.667e4,0,59.025,0.362,0,240.907,0,469.771,13.028,-44.281,302.09,0.228
104.598,8458.464,69.417,0.302,465.44,1.111,465.442,NaN,4.667e4,0,59.025,0.362,0,240.907,0,469.664,13.028,-44.056,303.632,0.228
105.098,8423.805,69.267,0.302,464.529,1.11,464.53,NaN,4.667e4,0,59.025,0.362,0,240.907,0,469.558,13.028,-43.83,305.17,0.227
105.598,8389.221,69.12,0.294,463.606,1.11,463.608,NaN,4.667e4,0,59.025,0.362,0,240.907,0,469.417,13.028,-43.605,306.705,0.227
106.098,8354.71,68.973,0.295,462.678,1.109,462.679,NaN,4.667e4,0,59.025,0.362,0,240.907,0,469.381,13.028,-43.381,308.287,0.226
106.598,8320.273,68.827,0.293,461.747,1.109,461.748,NaN,4.667e4,0,59.025,0.362,0,240.907,0,469.384,13.028,-43.157,309.91,0.225
107.098,8285.909,68.68,0.297,460.813,1.108,460.814,NaN,4.667e4,0,59.025,0.362,0,240.907,0,469.387,13.028,-42.934,311.529,0.225
107.598,8251.618,68.534,0.295,459.874,1.108,459.875,NaN,4.667e4,0,59.025,0.362,0,240.907,0,469.355,13.028,-42.711,313.145,0.224
108.098,8217.401,68.389,0.297,458.923,1.108,458.924,NaN,4.667e4,0,59.025,0.362,0,240.907,0,469.319,13.028,-42.489,314.758,0.224
108.598,8183.256,68.244,0.291,457.96,1.107,457.961,NaN,4.667e4,0,59.025,0.362,0,240.907,0,469.244,13.028,-42.267,316.367,0.223
109.098,8149.184,68.1,0.288,456.986,1.107,456.987,NaN,4.667e4,0,59.025,0.362,0,240.907,0,469.169,13.028,-42.045,317.973,0.223
109.598,8115.184,67.956,0.286,456.009,1.106,456.01,NaN,4.667e4,0,59.025,0.362,0,240.907,0,469.093,13.028,-41.824,319.576,0.222
110.098,8081.256,67.813,0.285,455.032,1.106,455.033,NaN,4.667e4,0,59.025,0.362,0,240.907,0,469.007,13.028,-41.604,321.175,0.221
110.598,8047.4,67.67,0.286,454.056,1.105,454.057,NaN,4.667e4,0,59.025,0.362,0,240.907,0,468.931,13.028,-41.384,322.771,0.221
111.098,8013.614,67.53,0.283,453.075,1.105,453.076,NaN,4.667e4,0,59.025,0.362,0,240.907,0,468.83,13.028,-41.164,324.363,0.22
111.598,7979.898,67.39,0.28,452.084,1.105,452.085,NaN,4.667e4,0,59.025,0.362,0,240.907,0,468.728,13.028,-40.945,325.952,0.22
112.098,7946.252,67.252,0.276,451.084,1.104,451.086,NaN,4.667e4,0,59.025,0.362,0,240.907,0,468.618,13.028,-40.726,327.538,0.219
112.598,7912.676,67.114,0.274,450.083,1.104,450.085,NaN,4.667e4,0,59.025,0.362,0,240.907,0,468.514,13.028,-40.508,329.12,0.219
113.098,7879.168,66.977,0.272,449.086,1.103,449.088,NaN,4.667e4,0,59.025,0.362,0,240.907,0,468.414,13.028,-40.29,330.7,0.218
113.598,7845.728,66.842,0.271,448.087,1.103,448.089,NaN,4.667e4,0,59.025,0.362,0,240.907,0,468.411,13.028,-40.073,332.354,0.218
114.098,7812.356,66.707,0.272,447.086,1.102,447.088,NaN,4.667e4,0,59.025,0.362,0,240.907,0,468.421,13.028,-39.856,334.023,0.217
114.598,7779.051,66.571,0.272,446.089,1.102,446.09,NaN,4.667e4,0,59.025,0.362,0,240.907,0,468.412,13.028,-39.639,335.689,0.217
115.098,7745.815,66.435,0.27,445.097,1.101,445.098,NaN,4.667e4,0,59.025,0.362,0,240.907,0,468.386,13.028,-39.423,337.352,0.216
115.598,7712.645,66.301,0.27,444.106,1.101,444.107,NaN,4.667e4,0,59.025,0.362,0,240.907,0,468.344,13.028,-39.208,339.011,0.215
116.098,7679.544,66.166,0.268,443.116,1.1,443.118,NaN,4.667e4,0,59.025,0.362,0,240.907,0,468.293,13.028,-38.993,340.666,0.215
116.598,7646.509,66.032,0.268,442.128,1.1,442.129,NaN,4.667e4,0,59.025,0.362,0,240.907,0,468.237,13.028,-38.778,342.318,0.214
117.098,7613.541,65.899,0.27,441.134,1.1,441.136,NaN,4.667e4,0,59.025,0.362,0,240.907,0,468.17,13.028,-38.564,343.967,0.214
117.598,7580.64,65.766,0.264,440.144,1.099,440.145,NaN,4.667e4,0,59.025,0.362,0,240.907,0,468.084,13.028,-38.35,345.613,0.213
118.098,7547.804,65.634,0.265,439.162,1.099,439.164,NaN,4.667e4,0,59.025,0.362,0,240.907,0,468.016,13.028,-38.136,347.255,0.213
118.598,7515.034,65.505,0.267,438.178,1.098,438.179,NaN,4.667e4,0,59.025,0.362,0,240.907,0,467.94,13.028,-37.923,348.894,0.212
119.098,7482.329,65.376,0.257,437.18,1.098,437.181,NaN,4.667e4,0,59.025,0.362,0,240.907,0,467.826,13.028,-37.711,350.53,0.212
119.598,7449.689,65.247,0.256,436.175,1.097,436.176,NaN,4.667e4,0,59.025,0.362,0,240.907,0,467.736,13.028,-37.498,352.162,0.211
120.098,7417.113,65.119,0.253,435.174,1.097,435.176,NaN,4.667e4,0,59.025,0.362,0,240.907,0,467.643,13.028,-37.287,353.792,0.211
120.598,7384.6,64.993,0.251,434.177,1.096,434.178,NaN,4.667e4,0,59.025,0.362,0,240.907,0,467.549,13.028,-37.075,355.418,0.21
121.098,7352.15,64.868,0.251,433.177,1.096,433.179,NaN,4.667e4,0,59.025,0.362,0,240.907,0,467.535,13.028,-36.864,357.104,0.21
121.598,7319.763,64.742,0.252,432.178,1.095,432.179,NaN,4.667e4,0,59.025,0.362,0,240.907,0,467.558,13.028,-36.654,358.821,0.209
122.098,7287.439,64.617,0.251,431.176,1.095,431.178,NaN,4.667e4,0,59.025,0.362,0,240.907,0,467.555,13.028,-36.444,360.536,0.209
122.598,7255.177,64.492,0.255,430.17,1.095,430.171,NaN,4.667e4,0,59.025,0.362,0,240.907,0,467.541,13.028,-36.234,362.246,0.208
123.098,7222.978,64.366,0.257,429.166,1.094,429.168,NaN,4.667e4,0,59.025,0.362,0,240.907,0,467.516,13.028,-36.025,363.954,0.208
123.598,7190.842,64.241,0.249,428.177,1.094,428.178,NaN,4.667e4,0,59.025,0.362,0,240.907,0,467.46,13.028,-35.816,365.658,0.207
124.098,7158.768,64.116,0.248,427.196,1.093,427.198,NaN,4.667e4,0,59.025,0.362,0,240.907,0,467.408,13.028,-35.607,367.359,0.207
124.598,7126.755,63.992,0.246,426.219,1.093,426.221,NaN,4.667e4,0,59.025,0.362,0,240.907,0,467.349,13.028,-35.399,369.057,0.206
125.098,7094.805,63.869,0.244,425.245,1.092,425.246,NaN,4.667e4,0,59.025,0.362,0,240.907,0,467.283,13.028,-35.192,370.751,0.206
125.598,7062.915,63.747,0.245,424.272,1.092,424.273,NaN,4.667e4,0,59.025,0.362,0,240.907,0,467.216,13.028,-34.984,372.443,0.205
126.098,7031.087,63.625,0.241,423.304,1.091,423.305,NaN,4.667e4,0,59.025,0.362,0,240.907,0,467.137,13.028,-34.778,374.13,0.205
126.598,6999.319,63.505,0.24,422.341,1.091,422.342,NaN,4.667e4,0,59.025,0.362,0,240.907,0,467.059,13.028,-34.571,375.815,0.205
127.098,6967.611,63.385,0.238,421.381,1.091,421.382,NaN,4.667e4,0,59.025,0.362,0,240.907,0,466.98,13.028,-34.365,377.497,0.204
127.598,6935.963,63.266,0.236,420.421,1.09,420.422,NaN,4.667e4,0,59.025,0.362,0,240.907,0,466.898,13.028,-34.159,379.175,0.204
128.098,6904.374,63.149,0.235,419.46,1.09,419.461,NaN,4.667e4,0,59.025,0.362,0,240.907,0,466.818,13.028,-33.954,380.85,0.203
128.598,6872.843,63.032,0.238,418.494,1.089,418.496,NaN,4.667e4,0,59.025,0.362,0,240.907,0,466.746,13.028,-33.749,382.523,0.203
129.098,6841.371,62.917,0.232,417.519,1.089,417.52,NaN,4.667e4,0,59.025,0.362,0,240.907,0,466.762,13.028,-33.544,384.291,0.202
129.598,6809.957,62.801,0.233,416.536,1.088,416.537,NaN,4.667e4,0,59.025,0.362,0,240.907,0,466.777,13.028,-33.34,386.056,0.202
130.098,6778.6,62.685,0.233,415.552,1.088,415.554,NaN,4.667e4,0,59.025,0.362,0,240.907,0,466.774,13.028,-33.136,387.818,0.201
130.598,6747.302,62.568,0.232,414.571,1.087,414.572,NaN,4.667e4,0,59.025,0.362,0,240.907,0,466.756,13.028,-32.933,389.577,0.201
131.098,6716.063,62.452,0.238,413.594,1.087,413.595,NaN,4.667e4,0,59.025,0.362,0,240.907,0,466.738,13.028,-32.73,391.332,0.2
131.598,6684.881,62.336,0.231,412.625,1.087,412.627,NaN,4.667e4,0,59.025,0.362,0,240.907,0,466.686,13.028,-32.527,393.084,0.2
132.098,6653.756,62.22,0.234,411.666,1.086,411.667,NaN,4.667e4,0,59.025,0.362,0,240.907,0,466.651,13.028,-32.325,394.833,0.2
132.598,6622.69,62.107,0.228,410.702,1.086,410.703,NaN,4.667e4,0,59.025,0.362,0,240.907,0,466.584,13.028,-32.123,396.578,0.199
133.098,6591.68,61.992,0.228,409.733,1.085,409.735,NaN,4.667e4,0,59.025,0.362,0,240.907,0,466.529,13.028,-31.921,398.321,0.199
133.598,6560.727,61.88,0.228,408.763,1.085,408.764,NaN,4.667e4,0,59.025,0.362,0,240.907,0,466.464,13.028,-31.72,400.06,0.198
134.098,6529.831,61.766,0.224,407.794,1.084,407.796,NaN,4.667e4,0,59.025,0.362,0,240.907,0,466.393,13.028,-31.519,401.796,0.198
134.598,6498.991,61.655,0.223,406.83,1.084,406.831,NaN,4.667e4,0,59.025,0.362,0,240.907,0,466.324,13.028,-31.319,403.528,0.197
135.098,6468.206,61.544,0.232,405.863,1.084,405.864,NaN,4.667e4,0,59.025,0.362,0,240.907,0,466.278,13.028,-31.119,405.258,0.197
135.598,6437.477,61.435,0.219,404.885,1.083,404.886,NaN,4.667e4,0,59.025,0.362,0,240.907,0,466.174,13.028,-30.919,406.985,0.196
136.098,6406.802,61.326,0.217,403.898,1.083,403.899,NaN,4.667e4,0,59.025,0.362,0,240.907,0,466.099,13.028,-30.72,408.708,0.196
136.598,6376.182,61.217,0.227,402.911,1.082,402.913,NaN,4.667e4,0,59.025,0.362,0,240.907,0,466.053,13.028,-30.521,410.429,0.196
137.098,6345.617,61.111,0.229,401.916,1.082,401.917,NaN,4.667e4,0,59.025,0.362,0,240.907,0,466.079,13.028,-30.322,412.236,0.195
137.598,6315.105,61.004,0.221,400.902,1.081,400.903,NaN,4.667e4,0,59.025,0.362,0,240.907,0,466.079,13.028,-30.124,414.051,0.195
138.098,6284.647,60.897,0.217,399.873,1.081,399.874,NaN,4.667e4,0,59.025,0.362,0,240.907,0,466.071,13.028,-29.926,415.863,0.194
138.598,6254.243,60.79,0.217,398.835,1.081,398.836,NaN,4.667e4,0,59.025,0.362,0,240.907,0,466.057,13.028,-29.728,417.671,0.194
139.098,6223.893,60.681,0.215,397.797,1.08,397.798,NaN,4.667e4,0,59.025,0.362,0,240.907,0,466.034,13.028,-29.531,419.477,0.194
139.598,6193.597,60.574,0.216,396.763,1.08,396.765,NaN,4.667e4,0,59.025,0.362,0,240.907,0,466.004,13.028,-29.334,421.279,0.193
140.098,6163.354,60.466,0.219,395.736,1.079,395.737,NaN,4.667e4,0,59.025,0.362,0,240.907,0,465.969,13.028,-29.137,423.078,0.193
140.598,6133.165,60.359,0.213,394.717,1.079,394.719,NaN,4.667e4,0,59.025,0.362,0,240.907,0,465.915,13.028,-28.941,424.873,0.192
141.098,6103.029,60.252,0.213,393.708,1.078,393.709,NaN,4.667e4,0,59.025,0.362,0,240.907,0,465.869,13.028,-28.745,426.666,0.192
141.598,6072.946,60.148,0.21,392.697,1.078,392.698,NaN,4.667e4,0,59.025,0.362,0,240.907,0,465.806,13.028,-28.55,428.455,0.191
142.098,6042.916,60.043,0.211,391.682,1.078,391.684,NaN,4.667e4,0,59.025,0.362,0,240.907,0,465.75,13.028,-28.354,430.241,0.191
142.598,6012.937,59.938,0.209,390.673,1.077,390.675,NaN,4.667e4,0,59.025,0.362,0,240.907,0,465.692,13.028,-28.16,432.025,0.191
143.098,5983.011,59.835,0.207,389.664,1.077,389.665,NaN,4.667e4,0,59.025,0.362,0,240.907,0,465.622,13.028,-27.965,433.805,0.19
143.598,5953.136,59.732,0.204,388.654,1.076,388.656,NaN,4.667e4,0,59.025,0.362,0,240.907,0,465.556,13.028,-27.771,435.582,0.19
144.098,5923.313,59.63,0.202,387.647,1.076,387.648,NaN,4.667e4,0,59.025,0.362,0,240.907,0,465.488,13.028,-27.577,437.356,0.189
144.598,5893.54,59.529,0.203,386.638,1.075,386.639,NaN,4.667e4,0,59.025,0.362,0,240.907,0,465.428,13.028,-27.384,439.127,0.189
145.098,5863.817,59.43,0.201,385.625,1.075,385.627,NaN,4.667e4,0,59.025,0.362,0,240.907,0,465.39,13.028,-27.19,440.926,0.189
145.598,5834.145,59.33,0.201,384.605,1.075,384.607,NaN,4.667e4,0,59.025,0.362,0,240.907,0,465.419,13.028,-26.997,442.793,0.188
146.098,5804.523,59.23,0.204,383.584,1.074,383.586,NaN,4.667e4,0,59.025,0.362,0,240.907,0,465.438,13.028,-26.805,444.657,0.188
146.598,5774.951,59.129,0.201,382.569,1.074,382.57,NaN,4.667e4,0,59.025,0.362,0,240.907,0,465.435,13.028,-26.613,446.518,0.187
147.098,5745.429,59.028,0.201,381.56,1.073,381.561,NaN,4.667e4,0,59.025,0.362,0,240.907,0,465.424,13.028,-26.421,448.376,0.187
147.598,5715.957,58.928,0.2,380.552,1.073,380.553,NaN,4.667e4,0,59.025,0.362,0,240.907,0,465.401,13.028,-26.229,450.23,0.187
148.098,5686.535,58.828,0.201,379.541,1.072,379.543,NaN,4.667e4,0,59.025,0.362,0,240.907,0,465.375,13.028,-26.038,452.081,0.186
148.598,5657.163,58.729,0.198,378.526,1.072,378.527,NaN,4.667e4,0,59.025,0.362,0,240.907,0,465.33,13.028,-25.847,453.93,0.186
149.098,5627.841,58.63,0.198,377.508,1.072,377.509,NaN,4.667e4,0,59.025,0.362,0,240.907,0,465.287,13.028,-25.656,455.775,0.186
149.598,5598.568,58.531,0.2,376.493,1.071,376.494,NaN,4.667e4,0,59.025,0.362,0,240.907,0,465.244,13.028,-25.466,457.617,0.185
150.098,5569.345,58.433,0.196,375.484,1.071,375.486,NaN,4.667e4,0,59.025,0.362,0,240.907,0,465.189,13.028,-25.276,459.455,0.185
150.598,5540.17,58.335,0.194,374.483,1.07,374.485,NaN,4.667e4,0,59.025,0.362,0,240.907,0,465.135,13.028,-25.087,461.291,0.184
151.098,5511.044,58.238,0.193,373.487,1.07,373.488,NaN,4.667e4,0,59.025,0.362,0,240.907,0,465.079,13.028,-24.897,463.124,0.184
151.598,5481.966,58.142,0.194,372.496,1.07,372.497,NaN,4.667e4,0,59.025,0.362,0,240.907,0,465.023,13.028,-24.708,464.954,0.184
152.098,5452.936,58.046,0.191,371.511,1.069,371.512,NaN,4.667e4,0,59.025,0.362,0,240.907,0,464.962,13.028,-24.52,466.78,0.183
152.598,5423.953,57.95,0.188,370.533,1.069,370.534,NaN,4.667e4,0,59.025,0.362,0,240.907,0,464.901,13.028,-24.331,468.604,0.183
153.098,5395.018,57.856,0.189,369.558,1.068,369.559,NaN,4.667e4,0,59.025,0.362,0,240.907,0,464.847,13.028,-24.143,470.425,0.183
153.598,5366.129,57.764,0.189,368.58,1.068,368.581,NaN,4.667e4,0,59.025,0.362,0,240.907,0,464.811,13.028,-23.955,472.267,0.182
154.098,5337.288,57.671,0.201,367.594,1.067,367.595,NaN,4.667e4,0,59.025,0.362,0,240.907,0,464.87,13.028,-23.768,474.186,0.182
154.598,5308.492,57.579,0.19,366.594,1.067,366.596,NaN,4.667e4,0,59.025,0.362,0,240.907,0,464.864,13.028,-23.581,476.101,0.182
155.098,5279.744,57.486,0.187,365.581,1.067,365.583,NaN,4.667e4,0,59.025,0.362,0,240.907,0,464.859,13.028,-23.394,478.013,0.181
155.598,5251.042,57.393,0.19,364.564,1.066,364.566,NaN,4.667e4,0,59.025,0.362,0,240.907,0,464.859,13.028,-23.207,479.922,0.181
156.098,5222.387,57.3,0.186,363.543,1.066,363.544,NaN,4.667e4,0,59.025,0.362,0,240.907,0,464.834,13.028,-23.021,481.828,0.18
156.598,5193.779,57.207,0.188,362.517,1.065,362.518,NaN,4.667e4,0,59.025,0.362,0,240.907,0,464.81,13.028,-22.835,483.731,0.18
157.098,5165.217,57.114,0.186,361.494,1.065,361.495,NaN,4.667e4,0,59.025,0.362,0,240.907,0,464.779,13.028,-22.649,485.631,0.18
157.598,5136.701,57.022,0.196,360.472,1.065,360.474,NaN,4.667e4,0,59.025,0.362,0,240.907,0,464.762,13.028,-22.464,487.528,0.179
158.098,5108.232,56.931,0.186,359.44,1.064,359.441,NaN,4.667e4,0,59.025,0.362,0,240.907,0,464.696,13.028,-22.279,489.421,0.179
158.598,5079.808,56.839,0.186,358.403,1.064,358.405,NaN,4.667e4,0,59.025,0.362,0,240.907,0,464.653,13.028,-22.094,491.312,0.179
159.098,5051.43,56.748,0.194,357.375,1.063,357.377,NaN,4.667e4,0,59.025,0.362,0,240.907,0,464.618,13.028,-21.91,493.2,0.178
159.598,5023.097,56.656,0.179,356.361,1.063,356.363,NaN,4.667e4,0,59.025,0.362,0,240.907,0,464.549,13.028,-21.726,495.084,0.178
160.098,4994.81,56.566,0.181,355.356,1.063,355.358,NaN,4.667e4,0,59.025,0.362,0,240.907,0,464.5,13.028,-21.542,496.966,0.178
160.598,4966.567,56.477,0.18,354.355,1.062,354.357,NaN,4.667e4,0,59.025,0.362,0,240.907,0,464.449,13.028,-21.358,498.844,0.177
161.098,4938.368,56.388,0.176,353.362,1.062,353.364,NaN,4.667e4,0,59.025,0.362,0,240.907,0,464.394,13.028,-21.175,500.72,0.177
161.598,4910.214,56.3,0.175,352.371,1.061,352.373,NaN,4.667e4,0,59.025,0.362,0,240.907,0,464.338,13.028,-20.992,502.593,0.177
162.098,4882.103,56.213,0.178,351.379,1.061,351.38,NaN,4.667e4,0,59.025,0.362,0,240.907,0,464.289,13.028,-20.809,504.462,0.176
162.598,4854.036,56.125,0.201,350.392,1.06,350.393,NaN,4.667e4,0,59.025,0.362,0,240.907,0,464.335,13.028,-20.627,506.4,0.176
163.098,4826.012,56.037,0.176,349.422,1.06,349.423,NaN,4.667e4,0,59.025,0.362,0,240.907,0,464.322,13.028,-20.445,508.369,0.176
163.598,4798.032,55.949,0.179,348.467,1.06,348.469,NaN,4.667e4,0,59.025,0.362,0,240.907,0,464.346,13.028,-20.263,510.335,0.175
164.098,4770.095,55.863,0.175,347.511,1.059,347.512,NaN,4.667e4,0,59.025,0.362,0,240.907,0,464.337,13.028,-20.081,512.298,0.175
164.598,4742.202,55.776,0.174,346.551,1.059,346.553,NaN,4.667e4,0,59.025,0.362,0,240.907,0,464.328,13.028,-19.9,514.258,0.175
165.098,4714.352,55.689,0.174,345.595,1.058,345.597,NaN,4.667e4,0,59.025,0.362,0,240.907,0,464.311,13.028,-19.719,516.215,0.174
165.598,4686.546,55.602,0.176,344.64,1.058,344.641,NaN,4.667e4,0,59.025,0.362,0,240.907,0,464.294,13.028,-19.538,518.169,0.174
166.098,4658.783,55.516,0.172,343.679,1.058,343.681,NaN,4.667e4,0,59.025,0.362,0,240.907,0,464.256,13.028,-19.358,520.119,0.174
166.598,4631.063,55.431,0.174,342.712,1.057,342.714,NaN,4.667e4,0,59.025,0.362,0,240.907,0,464.226,13.028,-19.177,522.067,0.173
167.098,4603.386,55.346,0.171,341.741,1.057,341.742,NaN,4.667e4,0,59.025,0.362,0,240.907,0,464.183,13.028,-18.998,524.012,0.173
167.598,4575.752,55.261,0.169,340.764,1.057,340.765,NaN,4.667e4,0,59.025,0.362,0,240.907,0,464.139,13.028,-18.818,525.953,0.173
168.098,4548.16,55.176,0.168,339.785,1.056,339.787,NaN,4.667e4,0,59.025,0.362,0,240.907,0,464.096,13.028,-18.639,527.892,0.172
168.598,4520.61,55.092,0.168,338.809,1.056,338.81,NaN,4.667e4,0,59.025,0.362,0,240.907,0,464.053,13.028,-18.459,529.828,0.172
169.098,4493.103,55.008,0.166,337.831,1.055,337.833,NaN,4.667e4,0,59.025,0.362,0,240.907,0,464.005,13.028,-18.281,531.76,0.172
169.598,4465.637,54.926,0.174,336.851,1.055,336.852,NaN,4.667e4,0,59.025,0.362,0,240.907,0,463.967,13.028,-18.102,533.69,0.171
170.098,4438.212,54.842,0.168,335.876,1.055,335.877,NaN,4.667e4,0,59.025,0.362,0,240.907,0,463.917,13.028,-17.924,535.617,0.171
170.598,4410.829,54.761,0.165,334.903,1.054,334.905,NaN,4.667e4,0,59.025,0.362,0,240.907,0,463.863,13.028,-17.746,537.541,0.171
171.098,4383.486,54.68,0.162,333.923,1.054,333.924,NaN,4.667e4,0,59.025,0.362,0,240.907,0,463.81,13.028,-17.568,539.462,0.17
171.598,4356.184,54.599,0.163,332.939,1.053,332.941,NaN,4.667e4,0,59.025,0.362,0,240.907,0,463.821,13.028,-17.391,541.446,0.17
172.098,4328.922,54.519,0.162,331.953,1.053,331.955,NaN,4.667e4,0,59.025,0.362,0,240.907,0,463.849,13.028,-17.213,543.468,0.17
172.598,4301.701,54.438,0.171,330.964,1.053,330.966,NaN,4.667e4,0,59.025,0.362,0,240.907,0,463.875,13.028,-17.037,545.487,0.169
173.098,4274.521,54.355,0.163,329.982,1.052,329.984,NaN,4.667e4,0,59.025,0.362,0,240.907,0,463.869,13.028,-16.86,547.503,0.169
173.598,4247.381,54.274,0.168,329.006,1.052,329.008,NaN,4.667e4,0,59.025,0.362,0,240.907,0,463.868,13.028,-16.683,549.516,0.169
174.098,4220.282,54.192,0.165,328.035,1.052,328.037,NaN,4.667e4,0,59.025,0.362,0,240.907,0,463.85,13.028,-16.507,551.526,0.169
174.598,4193.223,54.111,0.164,327.074,1.051,327.076,NaN,4.667e4,0,59.025,0.362,0,240.907,0,463.832,13.028,-16.331,553.533,0.168
175.098,4166.205,54.031,0.161,326.113,1.051,326.115,NaN,4.667e4,0,59.025,0.362,0,240.907,0,463.799,13.028,-16.156,555.537,0.168
175.598,4139.227,53.95,0.166,325.148,1.05,325.149,NaN,4.667e4,0,59.025,0.362,0,240.907,0,463.774,13.028,-15.98,557.538,0.168
176.098,4112.289,53.87,0.163,324.188,1.05,324.189,NaN,4.667e4,0,59.025,0.362,0,240.907,0,463.737,13.028,-15.805,559.536,0.167
176.598,4085.391,53.789,0.158,323.237,1.05,323.239,NaN,4.667e4,0,59.025,0.362,0,240.907,0,463.697,13.028,-15.631,561.53,0.167
177.098,4058.533,53.71,0.159,322.292,1.049,322.293,NaN,4.667e4,0,59.025,0.362,0,240.907,0,463.663,13.028,-15.456,563.523,0.167
177.598,4031.714,53.632,0.157,321.344,1.049,321.345,NaN,4.667e4,0,59.025,0.362,0,240.907,0,463.618,13.028,-15.282,565.512,0.166
178.098,4004.934,53.553,0.16,320.395,1.049,320.396,NaN,4.667e4,0,59.025,0.362,0,240.907,0,463.585,13.028,-15.108,567.498,0.166
178.598,3978.194,53.476,0.158,319.443,1.048,319.445,NaN,4.667e4,0,59.025,0.362,0,240.907,0,463.541,13.028,-14.934,569.481,0.166
179.098,3951.492,53.4,0.157,318.482,1.048,318.484,NaN,4.667e4,0,59.025,0.362,0,240.907,0,463.493,13.028,-14.76,571.462,0.166
179.598,3924.829,53.323,0.153,317.521,1.047,317.523,NaN,4.667e4,0,59.025,0.362,0,240.907,0,463.445,13.028,-14.587,573.439,0.165
180.098,3898.204,53.246,0.152,316.566,1.047,316.568,NaN,4.667e4,0,59.025,0.362,0,240.907,0,463.402,13.028,-14.414,575.414,0.165
180.598,3871.617,53.17,0.161,315.613,1.047,315.615,NaN,4.667e4,0,59.025,0.362,0,240.907,0,463.382,13.028,-14.241,577.391,0.165
181.098,3845.067,53.096,0.151,314.655,1.046,314.656,NaN,4.667e4,0,59.025,0.362,0,240.907,0,463.403,13.028,-14.068,579.469,0.164
181.598,3818.556,53.02,0.16,313.69,1.046,313.692,NaN,4.667e4,0,59.025,0.362,0,240.907,0,463.444,13.028,-13.896,581.543,0.164
182.098,3792.082,52.945,0.153,312.72,1.046,312.721,NaN,4.667e4,0,59.025,0.362,0,240.907,0,463.442,13.028,-13.724,583.614,0.164
182.598,3765.646,52.87,0.153,311.741,1.045,311.743,NaN,4.667e4,0,59.025,0.362,0,240.907,0,463.441,13.028,-13.552,585.682,0.164
183.098,3739.249,52.794,0.153,310.763,1.045,310.765,NaN,4.667e4,0,59.025,0.362,0,240.907,0,463.434,13.028,-13.381,587.748,0.163
183.598,3712.889,52.717,0.155,309.789,1.045,309.791,NaN,4.667e4,0,59.025,0.362,0,240.907,0,463.426,13.028,-13.209,589.81,0.163
184.098,3686.567,52.643,0.155,308.814,1.044,308.816,NaN,4.667e4,0,59.025,0.362,0,240.907,0,463.4,13.028,-13.038,591.869,0.163
184.598,3660.283,52.567,0.153,307.839,1.044,307.84,NaN,4.667e4,0,59.025,0.362,0,240.907,0,463.374,13.028,-12.867,593.926,0.162
185.098,3634.036,52.491,0.153,306.871,1.043,306.873,NaN,4.667e4,0,59.025,0.362,0,240.907,0,463.35,13.028,-12.697,595.979,0.162
185.598,3607.827,52.417,0.15,305.904,1.043,305.906,NaN,4.667e4,0,59.025,0.362,0,240.907,0,463.314,13.028,-12.526,598.03,0.162
186.098,3581.655,52.343,0.15,304.929,1.043,304.931,NaN,4.667e4,0,59.025,0.362,0,240.907,0,463.278,13.028,-12.356,600.077,0.162
186.598,3555.52,52.269,0.151,303.955,1.042,303.957,NaN,4.667e4,0,59.025,0.362,0,240.907,0,463.244,13.028,-12.186,602.122,0.161
187.098,3529.422,52.195,0.146,302.988,1.042,302.99,NaN,4.667e4,0,59.025,0.362,0,240.907,0,463.204,13.028,-12.017,604.164,0.161
187.598,3503.361,52.122,0.149,302.026,1.042,302.028,NaN,4.667e4,0,59.025,0.362,0,240.907,0,463.174,13.028,-11.847,606.203,0.161
188.098,3477.336,52.05,0.152,301.059,1.041,301.061,NaN,4.667e4,0,59.025,0.362,0,240.907,0,463.141,13.028,-11.678,608.239,0.16
188.598,3451.347,51.979,0.147,300.082,1.041,300.084,NaN,4.667e4,0,59.025,0.362,0,240.907,0,463.09,13.028,-11.509,610.273,0.16
189.098,3425.394,51.906,0.146,299.103,1.041,299.104,NaN,4.667e4,0,59.025,0.362,0,240.907,0,463.051,13.028,-11.341,612.303,0.16
189.598,3399.477,51.835,0.142,298.131,1.04,298.133,NaN,4.667e4,0,59.025,0.362,0,240.907,0,463.009,13.028,-11.172,614.331,0.16
190.098,3373.595,51.764,0.141,297.164,1.04,297.166,NaN,4.667e4,0,59.025,0.362,0,240.907,0,462.97,13.028,-11.004,616.356,0.159
190.598,3347.749,51.693,0.143,296.2,1.04,296.201,NaN,4.667e4,0,59.025,0.362,0,240.907,0,463.012,13.028,-10.836,618.485,0.159
191.098,3321.938,51.622,0.145,295.239,1.039,295.241,NaN,4.667e4,0,59.025,0.362,0,240.907,0,463.044,13.028,-10.668,620.614,0.159
191.598,3296.162,51.552,0.144,294.278,1.039,294.28,NaN,4.667e4,0,59.025,0.362,0,240.907,0,463.055,13.028,-10.501,622.74,0.159
192.098,3270.422,51.482,0.142,293.31,1.038,293.312,NaN,4.667e4,0,59.025,0.362,0,240.907,0,463.054,13.028,-10.333,624.863,0.158
192.598,3244.717,51.41,0.144,292.341,1.038,292.342,NaN,4.667e4,0,59.025,0.362,0,240.907,0,463.053,13.028,-10.166,626.983,0.158
193.098,3219.048,51.34,0.142,291.369,1.038,291.371,NaN,4.667e4,0,59.025,0.362,0,240.907,0,463.037,13.028,-9.999,629.1,0.158
193.598,3193.414,51.269,0.148,290.394,1.037,290.396,NaN,4.667e4,0,59.025,0.362,0,240.907,0,463.025,13.028,-9.833,631.214,0.157
194.098,3167.816,51.198,0.141,289.425,1.037,289.427,NaN,4.667e4,0,59.025,0.362,0,240.907,0,462.997,13.028,-9.666,633.325,0.157
194.598,3142.253,51.128,0.14,288.46,1.037,288.462,NaN,4.667e4,0,59.025,0.362,0,240.907,0,462.971,13.028,-9.5,635.434,0.157
195.098,3116.724,51.058,0.141,287.496,1.036,287.498,NaN,4.667e4,0,59.025,0.362,0,240.907,0,462.946,13.028,-9.334,637.539,0.157
195.598,3091.231,50.989,0.14,286.53,1.036,286.532,NaN,4.667e4,0,59.025,0.362,0,240.907,0,462.914,13.028,-9.169,639.642,0.156
196.098,3065.772,50.919,0.138,285.564,1.036,285.566,NaN,4.667e4,0,59.025,0.362,0,240.907,0,462.881,13.028,-9.003,641.741,0.156
196.598,3040.348,50.85,0.139,284.602,1.035,284.604,NaN,4.667e4,0,59.025,0.362,0,240.907,0,462.852,13.028,-8.838,643.838,0.156
197.098,3014.958,50.782,0.147,283.639,1.035,283.64,NaN,4.667e4,0,59.025,0.362,0,240.907,0,462.831,13.028,-8.673,645.932,0.156
197.598,2989.603,50.715,0.135,282.665,1.035,282.667,NaN,4.667e4,0,59.025,0.362,0,240.907,0,462.778,13.028,-8.508,648.024,0.155
198.098,2964.281,50.648,0.139,281.685,1.034,281.687,NaN,4.667e4,0,59.025,0.362,0,240.907,0,462.751,13.028,-8.343,650.112,0.155
198.598,2938.993,50.581,0.135,280.7,1.034,280.702,NaN,4.667e4,0,59.025,0.362,0,240.907,0,462.711,13.028,-8.179,652.198,0.155
199.098,2913.739,50.515,0.137,279.708,1.033,279.71,NaN,4.667e4,0,59.025,0.362,0,240.907,0,462.679,13.028,-8.015,654.281,0.155
199.598,2888.518,50.449,0.132,278.709,1.033,278.711,NaN,4.667e4,0,59.025,0.362,0,240.907,0,462.636,13.028,-7.851,656.361,0.154
200.098,2863.33,50.383,0.132,277.707,1.033,277.709,NaN,4.667e4,0,59.025,0.362,0,240.907,0,462.631,13.028,-7.687,658.481,0.154
200.598,2838.175,50.317,0.133,276.705,1.032,276.707,NaN,4.667e4,0,59.025,0.362,0,240.907,0,462.67,13.028,-7.524,660.667,0.154
201.098,2813.052,50.251,0.133,275.701,1.032,275.703,NaN,4.667e4,0,59.025,0.362,0,240.907,0,462.69,13.028,-7.36,662.85,0.154
201.598,2787.964,50.185,0.136,274.696,1.032,274.698,NaN,4.667e4,0,59.025,0.362,0,240.907,0,462.706,13.028,-7.197,665.03,0.153
202.098,2762.908,50.119,0.137,273.687,1.031,273.689,NaN,4.667e4,0,59.025,0.362,0,240.907,0,462.705,13.028,-7.034,667.207,0.153
202.598,2737.886,50.052,0.138,272.678,1.031,272.68,NaN,4.667e4,0,59.025,0.362,0,240.907,0,462.699,13.028,-6.872,669.381,0.153
203.098,2712.896,49.985,0.142,271.679,1.031,271.681,NaN,4.667e4,0,59.025,0.362,0,240.907,0,462.696,13.028,-6.709,671.552,0.153
203.598,2687.94,49.92,0.141,270.678,1.03,270.68,NaN,4.667e4,0,59.025,0.362,0,240.907,0,462.678,13.028,-6.547,673.72,0.152
204.098,2663.017,49.855,0.149,269.665,1.03,269.667,NaN,4.667e4,0,59.025,0.362,0,240.907,0,462.66,13.028,-6.385,675.886,0.152
204.598,2638.127,49.788,0.131,268.654,1.03,268.656,NaN,4.667e4,0,59.025,0.362,0,240.907,0,462.617,13.028,-6.223,678.049,0.152
205.098,2613.27,49.722,0.143,267.652,1.029,267.654,NaN,4.667e4,0,59.025,0.362,0,240.907,0,462.604,13.028,-6.062,680.209,0.152
205.598,2588.445,49.656,0.135,266.656,1.029,266.658,NaN,4.667e4,0,59.025,0.362,0,240.907,0,462.568,13.028,-5.9,682.365,0.151
206.098,2563.653,49.591,0.145,265.673,1.029,265.675,NaN,4.667e4,0,59.025,0.362,0,240.907,0,462.558,13.028,-5.739,684.52,0.151
206.598,2538.893,49.527,0.129,264.687,1.028,264.689,NaN,4.667e4,0,59.025,0.362,0,240.907,0,462.503,13.028,-5.578,686.671,0.151
207.098,2514.166,49.463,0.127,263.694,1.028,263.696,NaN,4.667e4,0,59.025,0.362,0,240.907,0,462.473,13.028,-5.418,688.82,0.151
207.598,2489.47,49.4,0.127,262.703,1.028,262.705,NaN,4.667e4,0,59.025,0.362,0,240.907,0,462.443,13.028,-5.257,690.965,0.15
208.098,2464.806,49.336,0.126,261.712,1.027,261.714,NaN,4.667e4,0,59.025,0.362,0,240.907,0,462.413,13.028,-5.097,693.108,0.15
208.598,2440.173,49.274,0.126,260.718,1.027,260.72,NaN,4.667e4,0,59.025,0.362,0,240.907,0,462.383,13.028,-4.937,695.249,0.15
209.098,2415.572,49.212,0.129,259.721,1.026,259.723,NaN,4.667e4,0,59.025,0.362,0,240.907,0,462.356,13.028,-4.777,697.386,0.15
209.598,2391.002,49.15,0.145,258.717,1.026,258.719,NaN,4.667e4,0,59.025,0.362,0,240.907,0,462.339,13.028,-4.617,699.521,0.149
210.098,2366.463,49.087,0.123,257.719,1.026,257.721,NaN,4.667e4,0,59.025,0.362,0,240.907,0,462.304,13.028,-4.458,701.683,0.149
210.598,2341.955,49.025,0.124,256.729,1.025,256.731,NaN,4.667e4,0,59.025,0.362,0,240.907,0,462.343,13.028,-4.298,703.925,0.149
211.098,2317.478,48.964,0.127,255.737,1.025,255.739,NaN,4.667e4,0,59.025,0.362,0,240.907,0,462.371,13.028,-4.139,706.165,0.149
211.598,2293.032,48.902,0.151,254.74,1.025,254.743,NaN,4.667e4,0,59.025,0.362,0,240.907,0,462.418,13.028,-3.98,708.401,0.149
212.098,2268.617,48.841,0.125,253.73,1.024,253.732,NaN,4.667e4,0,59.025,0.362,0,240.907,0,462.378,13.028,-3.822,710.634,0.148
212.598,2244.233,48.779,0.129,252.709,1.024,252.711,NaN,4.667e4,0,59.025,0.362,0,240.907,0,462.378,13.028,-3.663,712.865,0.148
213.098,2219.88,48.716,0.124,251.693,1.024,251.695,NaN,4.667e4,0,59.025,0.362,0,240.907,0,462.365,13.028,-3.505,715.093,0.148
213.598,2195.558,48.654,0.124,250.68,1.023,250.682,NaN,4.667e4,0,59.025,0.362,0,240.907,0,462.352,13.028,-3.347,717.318,0.148
214.098,2171.268,48.593,0.125,249.667,1.023,249.669,NaN,4.667e4,0,59.025,0.362,0,240.907,0,462.335,13.028,-3.189,719.54,0.147
214.598,2147.008,48.531,0.124,248.655,1.023,248.657,NaN,4.667e4,0,59.025,0.362,0,240.907,0,462.316,13.028,-3.031,721.759,0.147
215.098,2122.779,48.47,0.127,247.643,1.022,247.645,NaN,4.667e4,0,59.025,0.362,0,240.907,0,462.293,13.028,-2.874,723.976,0.147
215.598,2098.58,48.408,0.15,246.633,1.022,246.635,NaN,4.667e4,0,59.025,0.362,0,240.907,0,462.297,13.028,-2.716,726.189,0.147
216.098,2074.412,48.345,0.121,245.639,1.022,245.641,NaN,4.667e4,0,59.025,0.362,0,240.907,0,462.236,13.028,-2.559,728.4,0.146
216.598,2050.275,48.285,0.121,244.655,1.021,244.657,NaN,4.667e4,0,59.025,0.362,0,240.907,0,462.21,13.028,-2.402,730.608,0.146
217.098,2026.167,48.225,0.124,243.673,1.021,243.675,NaN,4.667e4,0,59.025,0.362,0,240.907,0,462.187,13.028,-2.246,732.814,0.146
217.598,2002.09,48.164,0.123,242.696,1.021,242.699,NaN,4.667e4,0,59.025,0.362,0,240.907,0,462.159,13.028,-2.089,735.016,0.146
218.098,1978.042,48.104,0.12,241.728,1.02,241.73,NaN,4.667e4,0,59.025,0.362,0,240.907,0,462.129,13.028,-1.933,737.216,0.146
218.598,1954.024,48.045,0.118,240.766,1.02,240.768,NaN,4.667e4,0,59.025,0.362,0,240.907,0,462.1,13.028,-1.777,739.413,0.145
219.098,1930.036,47.986,0.12,239.808,1.02,239.81,NaN,4.667e4,0,59.025,0.362,0,240.907,0,462.077,13.028,-1.621,741.608,0.145
219.598,1906.076,47.928,0.13,238.845,1.019,238.848,NaN,4.667e4,0,59.025,0.362,0,240.907,0,462.055,13.028,-1.465,743.799,0.145
220.098,1882.146,47.869,0.115,237.887,1.019,237.889,NaN,4.667e4,0,59.025,0.362,0,240.907,0,462.014,13.028,-1.309,745.989,0.145
220.598,1858.245,47.811,0.124,236.936,1.019,236.938,NaN,4.667e4,0,59.025,0.362,0,240.907,0,462.035,13.028,-1.154,748.245,0.145
221.098,1834.373,47.753,0.121,235.989,1.018,235.991,NaN,4.667e4,0,59.025,0.362,0,240.907,0,462.065,13.028,-0.999,750.543,0.144
221.598,1810.53,47.694,0.121,235.052,1.018,235.054,NaN,4.667e4,0,59.025,0.362,0,240.907,0,462.084,13.028,-0.844,752.838,0.144
222.098,1786.716,47.635,0.121,234.123,1.018,234.126,NaN,4.667e4,0,59.025,0.362,0,240.907,0,462.097,13.028,-0.689,755.13,0.144
222.598,1762.931,47.577,0.133,233.195,1.017,233.197,NaN,4.667e4,0,59.025,0.362,0,240.907,0,462.115,13.028,-0.535,757.42,0.144
223.098,1739.175,47.52,0.135,232.254,1.017,232.256,NaN,4.667e4,0,59.025,0.362,0,240.907,0,462.11,13.028,-0.38,759.706,0.143
223.598,1715.449,47.463,0.118,231.297,1.017,231.3,NaN,4.667e4,0,59.025,0.362,0,240.907,0,462.074,13.028,-0.226,761.99,0.143
224.098,1691.752,47.404,0.116,230.335,1.016,230.337,NaN,4.667e4,0,59.025,0.362,0,240.907,0,462.06,13.028,-0.072,764.271,0.143
224.598,1668.083,47.346,0.126,229.375,1.016,229.378,NaN,4.667e4,0,59.025,0.362,0,240.907,0,462.053,13.028,0.082,766.549,0.143
225.098,1644.444,47.288,0.122,228.423,1.016,228.425,NaN,4.667e4,0,59.025,0.362,0,240.907,0,462.03,13.028,0.236,768.825,0.143
225.598,1620.834,47.229,0.141,227.481,1.015,227.483,NaN,4.667e4,0,59.025,0.362,0,240.907,0,462.03,13.028,0.389,771.097,0.142
226.098,1597.252,47.17,0.117,226.555,1.015,226.557,NaN,4.667e4,0,59.025,0.362,0,240.907,0,461.98,13.028,0.542,773.367,0.142
226.598,1573.699,47.113,0.114,225.642,1.015,225.645,NaN,4.667e4,0,59.025,0.362,0,240.907,0,461.958,13.028,0.695,775.634,0.142
227.098,1550.174,47.057,0.113,224.731,1.014,224.734,NaN,4.667e4,0,59.025,0.362,0,240.907,0,461.934,13.028,0.848,777.898,0.142
227.598,1526.677,47.001,0.114,223.817,1.014,223.819,NaN,4.667e4,0,59.025,0.362,0,240.907,0,461.912,13.028,1.001,780.16,0.142
228.098,1503.209,46.945,0.117,222.898,1.014,222.901,NaN,4.667e4,0,59.025,0.362,0,240.907,0,461.89,13.028,1.154,782.419,0.141
228.099,1503.162,46.945,178.212,222.897,1.014,222.899,NaN,4.667e4,0,59.025,0.362,0,240.907,0,8773.719,247.466,1.154,782.424,0.141
228.104,1502.902,45.946,170.286,222.886,1.014,222.889,NaN,4.667e4,0,59.025,0.362,0,240.907,0,8403.839,247.466,1.156,782.449,0.138
228.11,1502.635,44.947,162.531,222.875,1.014,222.878,NaN,4.667e4,0,59.025,0.362,0,240.907,0,8041.91,247.466,1.157,782.474,0.135
228.116,1502.362,43.948,154.946,222.864,1.014,222.866,NaN,4.667e4,0,59.025,0.362,0,240.907,0,7687.945,247.466,1.159,782.501,0.132
228.123,1502.082,42.949,147.533,222.852,1.014,222.854,NaN,4.667e4,0,59.025,0.362,0,240.907,0,7341.942,247.466,1.161,782.528,0.129
228.13,1501.794,41.95,140.289,222.839,1.014,222.842,NaN,4.667e4,0,59.025,0.362,0,240.907,0,7003.904,247.466,1.163,782.555,0.126
228.137,1501.499,40.951,133.217,222.826,1.014,222.828,NaN,4.667e4,0,59.025,0.362,0,240.907,0,6673.829,247.466,1.165,782.584,0.123
228.144,1501.196,39.952,126.315,222.812,1.014,222.814,NaN,4.667e4,0,59.025,0.362,0,240.907,0,6351.719,247.466,1.167,782.613,0.12
228.152,1500.884,38.954,119.584,222.797,1.014,222.8,NaN,4.667e4,0,59.025,0.362,0,240.907,0,6037.578,247.466,1.169,782.643,0.117
228.161,1500.563,37.955,113.023,222.782,1.014,222.784,NaN,4.667e4,0,59.025,0.362,0,240.907,0,5731.411,247.466,1.171,782.674,0.114
228.169,1500.232,36.956,106.634,222.765,1.014,222.768,NaN,4.667e4,0,59.025,0.362,0,240.907,0,5433.21,247.466,1.173,782.706,0.111
228.179,1499.89,35.958,100.415,222.748,1.014,222.75,NaN,4.667e4,0,59.025,0.362,0,240.907,0,5142.974,247.466,1.175,782.738,0.108
228.189,1499.538,34.959,94.366,222.729,1.014,222.731,NaN,4.667e4,0,59.025,0.362,0,240.907,0,4860.705,247.466,1.178,782.772,0.105
228.199,1499.173,33.961,88.489,222.709,1.014,222.711,NaN,4.667e4,0,59.025,0.362,0,240.907,0,4586.404,247.466,1.18,782.808,0.102
228.211,1498.795,32.963,82.781,222.688,1.014,222.69,NaN,4.667e4,0,59.025,0.362,0,240.907,0,4320.038,247.466,1.182,782.844,0.099
228.223,1498.404,31.965,77.244,222.665,1.014,222.667,NaN,4.667e4,0,59.025,0.362,0,240.907,0,4061.634,247.466,1.185,782.882,0.096
228.236,1497.997,30.967,71.878,222.641,1.014,222.643,NaN,4.667e4,0,59.025,0.362,0,240.907,0,3811.194,247.466,1.188,782.921,0.093
228.25,1497.574,29.969,66.683,222.614,1.014,222.617,NaN,4.667e4,0,59.025,0.362,0,240.907,0,3568.719,247.466,1.19,782.961,0.09
228.265,1497.133,28.971,61.659,222.586,1.014,222.588,NaN,4.667e4,0,59.025,0.362,0,240.907,0,3334.273,247.466,1.193,783.004,0.087
228.281,1496.672,27.974,56.807,222.555,1.014,222.557,NaN,4.667e4,0,59.025,0.362,0,240.907,0,3107.826,247.466,1.196,783.048,0.084
228.298,1496.19,26.977,52.127,222.521,1.014,222.524,NaN,4.667e4,0,59.025,0.362,0,240.907,0,2889.385,247.466,1.199,783.095,0.081
228.318,1495.683,25.98,47.612,222.484,1.014,222.487,NaN,4.667e4,0,59.025,0.362,0,240.907,0,2678.669,247.466,1.203,783.143,0.078
228.339,1495.15,24.984,43.267,222.444,1.014,222.446,NaN,4.667e4,0,59.025,0.362,0,240.907,0,2475.928,247.466,1.206,783.195,0.075
228.362,1494.585,23.988,39.095,222.399,1.014,222.401,NaN,4.667e4,0,59.025,0.362,0,240.907,0,2281.217,247.466,1.21,783.249,0.072
228.387,1493.987,22.992,35.094,222.349,1.014,222.352,NaN,4.667e4,0,59.025,0.362,0,240.907,0,2094.504,247.466,1.214,783.307,0.069
228.416,1493.348,21.996,31.264,222.294,1.014,222.296,NaN,4.667e4,0,59.025,0.362,0,240.907,0,1915.755,247.466,1.218,783.368,0.066
228.448,1492.663,21,27.605,222.231,1.014,222.234,NaN,4.667e4,0,59.025,0.362,0,240.907,0,1744.974,247.466,1.222,783.434,0.063
228.484,1491.924,20.005,24.116,222.161,1.014,222.163,NaN,4.667e4,0,59.025,0.362,0,240.907,0,1582.173,247.466,1.227,783.505,0.06
228.525,1491.119,19.01,20.799,222.079,1.014,222.082,NaN,4.667e4,0,59.025,0.362,0,240.907,0,1427.335,247.466,1.232,783.583,0.057
228.573,1490.234,18.016,17.652,221.985,1.013,221.988,NaN,4.667e4,0,59.025,0.362,0,240.907,0,1280.472,247.466,1.238,783.668,0.054
228.63,1489.248,17.022,14.676,221.875,1.013,221.877,NaN,4.667e4,0,59.025,0.362,0,240.907,0,1141.58,247.466,1.244,783.763,0.051
228.698,1488.13,16.029,11.87,221.741,1.013,221.744,NaN,4.667e4,0,59.025,0.362,0,240.907,0,1010.66,247.466,1.252,783.87,0.048
228.783,1486.832,15.036,9.236,221.577,1.013,221.579,NaN,4.667e4,0,59.025,0.362,0,240.907,0,887.71,247.466,1.26,783.995,0.045
228.891,1485.272,14.046,6.778,221.365,1.013,221.367,NaN,4.667e4,0,59.025,0.362,0,240.907,0,772.885,247.466,1.27,784.146,0.042
229.038,1483.293,13.062,4.482,221.074,1.013,221.077,NaN,4.667e4,0,59.025,0.362,0,240.907,0,665.841,247.466,1.283,784.336,0.039
229.261,1480.525,12.078,2.365,220.628,1.013,220.631,NaN,4.667e4,0,59.025,0.362,0,240.907,0,566.905,247.466,1.301,784.602,0.036
229.684,1475.7,11.084,0.415,219.791,1.013,219.794,NaN,4.667e4,0,59.025,0.362,0,240.907,0,476.021,247.466,1.332,785.067,0.033
230.184,1470.296,10.882,0.156,218.814,1.013,218.816,NaN,4.667e4,0,59.025,0.362,0,240.907,0,458.471,247.466,1.368,785.587,0.032
230.684,1464.949,10.878,0.254,217.815,1.013,217.817,NaN,4.667e4,0,59.025,0.362,0,240.907,0,457.324,247.466,1.402,786.102,0.032
231.184,1459.607,10.897,0.063,216.766,1.013,216.768,NaN,4.667e4,0,59.025,0.362,0,240.907,0,456.828,247.466,1.437,786.616,0.032
231.684,1454.267,10.89,0.065,215.692,1.013,215.695,NaN,4.667e4,0,59.025,0.362,0,240.907,0,456.946,247.466,1.472,787.13,0.032
232.184,1448.928,10.881,0.117,214.635,1.013,214.637,NaN,4.667e4,0,59.025,0.362,0,240.907,0,457,247.466,1.506,787.644,0.032
232.684,1443.591,10.867,0.315,213.6,1.013,213.603,NaN,4.667e4,0,59.025,0.362,0,240.907,0,457.394,247.466,1.541,788.158,0.032
233.184,1438.255,10.892,0.022,212.541,1.013,212.543,NaN,4.667e4,0,59.025,0.362,0,240.907,0,456.729,247.466,1.576,788.671,0.032
233.684,1432.921,10.89,0.213,211.445,1.013,211.447,NaN,4.667e4,0,59.025,0.362,0,240.907,0,457.141,247.466,1.611,789.184,0.032
234.184,1427.588,10.865,0.353,210.378,1.013,210.381,NaN,4.667e4,0,59.025,0.362,0,240.907,0,457.437,247.466,1.645,789.698,0.032
234.684,1422.257,10.828,0.49,209.382,1.013,209.385,NaN,4.667e4,0,59.025,0.362,0,240.907,0,457.807,247.466,1.68,790.211,0.032
235.184,1416.929,10.782,0.07,208.492,1.012,208.494,NaN,4.667e4,0,59.025,0.362,0,240.907,0,456.429,247.466,1.714,790.724,0.032
235.684,1411.601,10.779,0.11,207.671,1.012,207.674,NaN,4.667e4,0,59.025,0.362,0,240.907,0,456.957,247.466,1.749,791.237,0.032
236.184,1406.274,10.785,0.202,206.846,1.012,206.848,NaN,4.667e4,0,59.025,0.362,0,240.907,0,457.118,247.466,1.784,791.749,0.032
236.684,1400.948,10.798,0.128,205.981,1.012,205.983,NaN,4.667e4,0,59.025,0.362,0,240.907,0,456.939,247.466,1.818,792.262,0.032
237.184,1395.623,10.807,0.165,205.075,1.012,205.077,NaN,4.667e4,0,59.025,0.362,0,240.907,0,457.04,247.466,1.853,792.775,0.032
237.684,1390.3,10.818,0.195,204.132,1.012,204.135,NaN,4.667e4,0,59.025,0.362,0,240.907,0,457.069,247.466,1.888,793.287,0.032
238.184,1384.978,10.798,0.065,203.194,1.012,203.196,NaN,4.667e4,0,59.025,0.362,0,240.907,0,456.886,247.466,1.922,793.799,0.032
238.684,1379.657,10.802,0.236,202.271,1.012,202.274,NaN,4.667e4,0,59.025,0.362,0,240.907,0,457.206,247.466,1.957,794.311,0.032
239.184,1374.338,10.819,0.169,201.311,1.012,201.314,NaN,4.667e4,0,59.025,0.362,0,240.907,0,456.964,247.466,1.991,794.823,0.032
239.684,1369.02,10.802,0.215,200.343,1.012,200.346,NaN,4.667e4,0,59.025,0.362,0,240.907,0,457.111,247.466,2.026,795.355,0.032
240.184,1363.704,10.78,0.062,199.423,1.012,199.426,NaN,4.667e4,0,59.025,0.362,0,240.907,0,456.882,247.466,2.06,795.893,0.032
240.684,1358.389,10.773,0.133,198.537,1.012,198.54,NaN,4.667e4,0,59.025,0.362,0,240.907,0,457.038,247.466,2.095,796.431,0.032
241.184,1353.075,10.759,0.31,197.676,1.012,197.679,NaN,4.667e4,0,59.025,0.362,0,240.907,0,457.395,247.466,2.13,796.969,0.032
241.684,1347.764,10.78,0.445,196.792,1.012,196.795,NaN,4.667e4,0,59.025,0.362,0,240.907,0,457.707,247.466,2.164,797.506,0.032
242.184,1342.455,10.815,0.22,195.815,1.011,195.817,NaN,4.667e4,0,59.025,0.362,0,240.907,0,456.753,247.466,2.199,798.044,0.032
242.684,1337.147,10.837,0.035,194.753,1.011,194.756,NaN,4.667e4,0,59.025,0.362,0,240.907,0,456.835,247.466,2.233,798.581,0.032
243.184,1331.839,10.839,0.117,193.661,1.011,193.663,NaN,4.667e4,0,59.025,0.362,0,240.907,0,457.022,247.466,2.268,799.118,0.032
243.684,1326.533,10.824,0.158,192.578,1.011,192.581,NaN,4.667e4,0,59.025,0.362,0,240.907,0,457.059,247.466,2.302,799.655,0.032
244.184,1321.228,10.806,0.169,191.53,1.011,191.532,NaN,4.667e4,0,59.025,0.362,0,240.907,0,457.05,247.466,2.337,800.192,0.032
244.684,1315.925,10.787,0.143,190.522,1.011,190.525,NaN,4.667e4,0,59.025,0.362,0,240.907,0,457.007,247.466,2.371,800.729,0.032
245.184,1310.623,10.798,0.165,189.518,1.011,189.521,NaN,4.667e4,0,59.025,0.362,0,240.907,0,457.052,247.466,2.405,801.266,0.032
245.684,1305.322,10.779,0.028,188.517,1.011,188.519,NaN,4.667e4,0,59.025,0.362,0,240.907,0,456.916,247.466,2.44,801.802,0.032
246.184,1300.023,10.78,0.101,187.532,1.011,187.535,NaN,4.667e4,0,59.025,0.362,0,240.907,0,457.019,247.466,2.474,802.339,0.032
246.684,1294.725,10.786,0.078,186.532,1.011,186.535,NaN,4.667e4,0,59.025,0.362,0,240.907,0,456.98,247.466,2.509,802.875,0.032
247.184,1289.429,10.776,0.039,185.528,1.011,185.531,NaN,4.667e4,0,59.025,0.362,0,240.907,0,456.969,247.466,2.543,803.411,0.032
247.684,1284.134,10.777,0.041,184.53,1.011,184.533,NaN,4.667e4,0,59.025,0.362,0,240.907,0,456.981,247.466,2.578,803.947,0.032
248.184,1278.84,10.778,0.16,183.522,1.011,183.524,NaN,4.667e4,0,59.025,0.362,0,240.907,0,457.097,247.466,2.612,804.483,0.032
248.684,1273.548,10.79,0.01,182.488,1.01,182.491,NaN,4.667e4,0,59.025,0.362,0,240.907,0,456.92,247.466,2.646,805.018,0.032
249.184,1268.258,10.787,0.176,181.436,1.01,181.438,NaN,4.667e4,0,59.025,0.362,0,240.907,0,457.118,247.466,2.681,805.554,0.032
249.684,1262.968,10.767,0.322,180.406,1.01,180.409,NaN,4.667e4,0,59.025,0.362,0,240.907,0,457.409,247.466,2.715,806.089,0.032
250.184,1257.681,10.793,0.073,179.358,1.01,179.361,NaN,4.667e4,0,59.025,0.362,0,240.907,0,456.768,247.466,2.75,806.624,0.032
250.684,1252.396,10.786,0.25,178.28,1.01,178.282,NaN,4.667e4,0,59.025,0.362,0,240.907,0,457.242,247.466,2.784,807.159,0.032
251.184,1247.111,10.757,0.512,177.241,1.01,177.244,NaN,4.667e4,0,59.025,0.362,0,240.907,0,458.08,247.466,2.818,807.694,0.032
251.684,1241.829,10.705,0.356,176.298,1.01,176.301,NaN,4.667e4,0,59.025,0.362,0,240.907,0,456.994,247.466,2.853,808.229,0.032
252.184,1236.55,10.677,0.148,175.463,1.01,175.466,NaN,4.667e4,0,59.025,0.362,0,240.907,0,456.768,247.466,2.887,808.763,0.032
252.684,1231.27,10.688,0.514,174.654,1.01,174.657,NaN,4.667e4,0,59.025,0.362,0,240.907,0,458.174,247.466,2.921,809.297,0.032
253.184,1225.993,10.722,0.101,173.762,1.01,173.765,NaN,4.667e4,0,59.025,0.362,0,240.907,0,456.443,247.466,2.956,809.832,0.032
253.684,1220.716,10.735,0.157,172.794,1.01,172.797,NaN,4.667e4,0,59.025,0.362,0,240.907,0,457.032,247.466,2.99,810.366,0.032
254.184,1215.44,10.718,0.177,171.832,1.01,171.835,NaN,4.667e4,0,59.025,0.362,0,240.907,0,457.075,247.466,3.024,810.9,0.032
254.684,1210.165,10.731,0.454,170.868,1.01,170.871,NaN,4.667e4,0,59.025,0.362,0,240.907,0,457.894,247.466,3.058,811.434,0.032
255.184,1204.893,10.768,0.081,169.825,1.01,169.828,NaN,4.667e4,0,59.025,0.362,0,240.907,0,456.553,247.466,3.093,811.967,0.032
255.684,1199.622,10.778,0.012,168.715,1.009,168.718,NaN,4.667e4,0,59.025,0.362,0,240.907,0,456.934,247.466,3.127,812.501,0.032
256.184,1194.351,10.775,0.252,167.597,1.009,167.6,NaN,4.667e4,0,59.025,0.362,0,240.907,0,457.278,247.466,3.161,813.034,0.032
256.684,1189.082,10.745,0.184,166.512,1.009,166.515,NaN,4.667e4,0,59.025,0.362,0,240.907,0,457.001,247.466,3.195,813.568,0.032
257.184,1183.815,10.725,0.032,165.48,1.009,165.484,NaN,4.667e4,0,59.025,0.362,0,240.907,0,456.905,247.466,3.23,814.101,0.032
257.684,1178.548,10.726,0.008,164.468,1.009,164.472,NaN,4.667e4,0,59.025,0.362,0,240.907,0,456.977,247.466,3.264,814.634,0.032
258.184,1173.283,10.723,0.158,163.453,1.009,163.456,NaN,4.667e4,0,59.025,0.362,0,240.907,0,457.105,247.466,3.298,815.167,0.032
258.684,1168.019,10.735,0.054,162.419,1.009,162.422,NaN,4.667e4,0,59.025,0.362,0,240.907,0,456.943,247.466,3.332,815.699,0.032
259.184,1162.756,10.727,0.117,161.372,1.009,161.375,NaN,4.667e4,0,59.025,0.362,0,240.907,0,457.038,247.466,3.367,816.232,0.032
259.684,1157.495,10.713,0.127,160.347,1.009,160.35,NaN,4.667e4,0,59.025,0.362,0,240.907,0,457.031,247.466,3.401,816.765,0.032
260.184,1152.236,10.699,0.133,159.351,1.009,159.354,NaN,4.667e4,0,59.025,0.362,0,240.907,0,457.036,247.466,3.435,817.297,0.032
260.684,1146.977,10.708,0.037,158.355,1.009,158.358,NaN,4.667e4,0,59.025,0.362,0,240.907,0,456.951,247.466,3.469,817.829,0.032
261.184,1141.72,10.703,0.053,157.347,1.009,157.35,NaN,4.667e4,0,59.025,0.362,0,240.907,0,456.994,247.466,3.503,818.361,0.032
261.684,1136.465,10.695,0.171,156.35,1.008,156.353,NaN,4.667e4,0,59.025,0.362,0,240.907,0,457.118,247.466,3.537,818.893,0.032
262.184,1131.211,10.676,0.095,155.381,1.008,155.384,NaN,4.667e4,0,59.025,0.362,0,240.907,0,456.967,247.466,3.572,819.425,0.032
262.684,1125.958,10.666,0.131,154.445,1.008,154.449,NaN,4.667e4,0,59.025,0.362,0,240.907,0,457.046,247.466,3.606,819.957,0.032
263.184,1120.707,10.652,0.156,153.538,1.008,153.541,NaN,4.667e4,0,59.025,0.362,0,240.907,0,457.065,247.466,3.64,820.488,0.031
263.684,1115.457,10.636,0.251,152.666,1.008,152.669,NaN,4.667e4,0,59.025,0.362,0,240.907,0,457.238,247.466,3.674,821.02,0.031
264.184,1110.208,10.653,0.23,151.782,1.008,151.786,NaN,4.667e4,0,59.025,0.362,0,240.907,0,457.103,247.466,3.708,821.551,0.031
264.684,1104.962,10.671,0.08,150.838,1.008,150.842,NaN,4.667e4,0,59.025,0.362,0,240.907,0,456.894,247.466,3.742,822.082,0.031
265.184,1099.716,10.677,0.066,149.856,1.008,149.859,NaN,4.667e4,0,59.025,0.362,0,240.907,0,456.99,247.466,3.776,822.613,0.031
265.684,1094.471,10.68,0.016,148.855,1.008,148.858,NaN,4.667e4,0,59.025,0.362,0,240.907,0,456.981,247.466,3.81,823.144,0.031
266.184,1089.228,10.676,0.404,147.848,1.008,147.851,NaN,4.667e4,0,59.025,0.362,0,240.907,0,457.761,247.466,3.845,823.674,0.031
266.684,1083.987,10.633,0.087,146.893,1.008,146.896,NaN,4.667e4,0,59.025,0.362,0,240.907,0,456.667,247.466,3.879,824.205,0.031
267.184,1078.748,10.627,0.273,145.999,1.008,146.003,NaN,4.667e4,0,59.025,0.362,0,240.907,0,457.312,247.466,3.913,824.735,0.031
267.684,1073.509,10.646,0.183,145.083,1.008,145.086,NaN,4.667e4,0,59.025,0.362,0,240.907,0,456.987,247.466,3.947,825.265,0.031
268.184,1068.272,10.661,0.168,144.109,1.008,144.112,NaN,4.667e4,0,59.025,0.362,0,240.907,0,457.043,247.466,3.981,825.795,0.031
268.684,1063.036,10.675,0.197,143.091,1.008,143.095,NaN,4.667e4,0,59.025,0.362,0,240.907,0,457.107,247.466,4.015,826.325,0.031
269.184,1057.801,10.653,0.079,142.077,1.007,142.081,NaN,4.667e4,0,59.025,0.362,0,240.907,0,456.933,247.466,4.049,826.855,0.031
269.684,1052.568,10.644,0.055,141.097,1.007,141.101,NaN,4.667e4,0,59.025,0.362,0,240.907,0,456.991,247.466,4.083,827.385,0.031
270.184,1047.335,10.647,0.112,140.121,1.007,140.124,NaN,4.667e4,0,59.025,0.362,0,240.907,0,457.045,247.466,4.117,827.915,0.031
270.684,1042.104,10.634,0.102,139.151,1.007,139.155,NaN,4.667e4,0,59.025,0.362,0,240.907,0,457.017,247.466,4.151,828.444,0.031
271.184,1036.874,10.622,0.119,138.209,1.007,138.212,NaN,4.667e4,0,59.025,0.362,0,240.907,0,457.038,247.466,4.185,828.973,0.031
271.684,1031.646,10.609,0.084,137.294,1.007,137.297,NaN,4.667e4,0,59.025,0.362,0,240.907,0,456.999,247.466,4.219,829.503,0.031
272.184,1026.419,10.614,0.302,136.383,1.007,136.387,NaN,4.667e4,0,59.025,0.362,0,240.907,0,457.418,247.466,4.253,830.032,0.031
272.684,1021.194,10.636,0.117,135.424,1.007,135.428,NaN,4.667e4,0,59.025,0.362,0,240.907,0,456.859,247.466,4.287,830.56,0.031
273.184,1015.97,10.647,0.173,134.413,1.007,134.416,NaN,4.667e4,0,59.025,0.362,0,240.907,0,457.094,247.466,4.321,831.089,0.031
273.684,1010.748,10.627,0.035,133.408,1.007,133.412,NaN,4.667e4,0,59.025,0.362,0,240.907,0,456.934,247.466,4.355,831.618,0.031
274.184,1005.526,10.622,0.076,132.43,1.007,132.434,NaN,4.667e4,0,59.025,0.362,0,240.907,0,457.018,247.466,4.389,832.146,0.031
274.684,1000.306,10.613,0.168,131.465,1.007,131.469,NaN,4.667e4,0,59.025,0.362,0,240.907,0,457.123,247.466,4.423,832.675,0.031
275.184,995.087,10.625,0.184,130.489,1.007,130.493,NaN,4.667e4,0,59.025,0.362,0,240.907,0,457.1,247.466,4.456,833.203,0.031
275.684,989.87,10.64,0.343,129.469,1.006,129.473,NaN,4.667e4,0,59.025,0.362,0,240.907,0,457.473,247.466,4.49,833.731,0.031
276.184,984.654,10.603,0.309,128.469,1.006,128.473,NaN,4.667e4,0,59.025,0.362,0,240.907,0,457.186,247.466,4.524,834.259,0.031
276.684,979.441,10.574,0.063,127.55,1.006,127.554,NaN,4.667e4,0,59.025,0.362,0,240.907,0,456.792,247.466,4.558,834.787,0.031
277.184,974.227,10.568,0.053,126.677,1.006,126.681,NaN,4.667e4,0,59.025,0.362,0,240.907,0,456.994,247.466,4.592,835.314,0.031
277.684,969.015,10.57,0.023,125.806,1.006,125.81,NaN,4.667e4,0,59.025,0.362,0,240.907,0,456.998,247.466,4.626,835.842,0.031
278.184,963.804,10.566,0.346,124.931,1.006,124.935,NaN,4.667e4,0,59.025,0.362,0,240.907,0,457.577,247.466,4.66,836.369,0.031
278.684,958.595,10.59,0.354,124.016,1.006,124.02,NaN,4.667e4,0,59.025,0.362,0,240.907,0,457.336,247.466,4.694,836.896,0.031
279.184,953.388,10.621,0.087,123.013,1.006,123.017,NaN,4.667e4,0,59.025,0.362,0,240.907,0,456.74,247.466,4.727,837.423,0.031
279.684,948.182,10.613,0.082,121.977,1.006,121.981,NaN,4.667e4,0,59.025,0.362,0,240.907,0,456.999,247.466,4.761,837.95,0.031
280.184,942.976,10.602,0.13,120.962,1.006,120.966,NaN,4.667e4,0,59.025,0.362,0,240.907,0,457.069,247.466,4.795,838.477,0.031
280.684,937.772,10.612,0.112,119.94,1.006,119.945,NaN,4.667e4,0,59.025,0.362,0,240.907,0,457.024,247.466,4.829,839.004,0.031
281.184,932.569,10.599,0.161,118.917,1.006,118.921,NaN,4.667e4,0,59.025,0.362,0,240.907,0,457.096,247.466,4.863,839.531,0.031
281.684,927.367,10.581,0.1,117.928,1.006,117.932,NaN,4.667e4,0,59.025,0.362,0,240.907,0,456.992,247.466,4.897,840.057,0.031
282.184,922.167,10.57,0.049,116.971,1.006,116.976,NaN,4.667e4,0,59.025,0.362,0,240.907,0,456.992,247.466,4.93,840.584,0.031
282.684,916.968,10.563,0.141,116.033,1.005,116.038,NaN,4.667e4,0,59.025,0.362,0,240.907,0,457.097,247.466,4.964,841.11,0.031
283.184,911.77,10.573,0.109,115.083,1.005,115.088,NaN,4.667e4,0,59.025,0.362,0,240.907,0,457.019,247.466,4.998,841.636,0.031
283.684,906.574,10.58,0.036,114.103,1.005,114.107,NaN,4.667e4,0,59.025,0.362,0,240.907,0,456.983,247.466,5.032,842.162,0.031
284.184,901.378,10.575,0.151,113.113,1.005,113.117,NaN,4.667e4,0,59.025,0.362,0,240.907,0,457.109,247.466,5.066,842.688,0.031
284.684,896.185,10.558,0.237,112.146,1.005,112.15,NaN,4.667e4,0,59.025,0.362,0,240.907,0,457.222,247.466,5.099,843.213,0.031
285.184,890.992,10.534,0.162,111.227,1.005,111.232,NaN,4.667e4,0,59.025,0.362,0,240.907,0,457.009,247.466,5.133,843.739,0.031
285.684,885.801,10.546,0.114,110.318,1.005,110.323,NaN,4.667e4,0,59.025,0.362,0,240.907,0,457.006,247.466,5.167,844.264,0.031
286.184,880.612,10.554,0.072,109.374,1.005,109.379,NaN,4.667e4,0,59.025,0.362,0,240.907,0,457,247.466,5.201,844.79,0.031
286.684,875.423,10.545,0.121,108.425,1.005,108.43,NaN,4.667e4,0,59.025,0.362,0,240.907,0,457.068,247.466,5.234,845.315,0.031
287.184,870.236,10.553,0.174,107.47,1.005,107.475,NaN,4.667e4,0,59.025,0.362,0,240.907,0,457.131,247.466,5.268,845.854,0.031
287.684,865.05,10.567,0.026,106.478,1.005,106.483,NaN,4.667e4,0,59.025,0.362,0,240.907,0,456.958,247.466,5.302,846.406,0.031
288.184,859.865,10.567,0.008,105.461,1.005,105.466,NaN,4.667e4,0,59.025,0.362,0,240.907,0,457.021,247.466,5.335,846.957,0.031
288.684,854.681,10.564,0.154,104.442,1.005,104.447,NaN,4.667e4,0,59.025,0.362,0,240.907,0,457.14,247.466,5.369,847.509,0.031
289.184,849.499,10.576,0.076,103.404,1.005,103.409,NaN,4.667e4,0,59.025,0.362,0,240.907,0,457.001,247.466,5.403,848.06,0.031
289.684,844.319,10.581,0.266,102.337,1.004,102.342,NaN,4.667e4,0,59.025,0.362,0,240.907,0,457.344,247.466,5.436,848.611,0.031
290.184,839.14,10.551,0.041,101.294,1.004,101.299,NaN,4.667e4,0,59.025,0.362,0,240.907,0,456.876,247.466,5.47,849.162,0.031
290.684,833.962,10.546,0.178,100.289,1.004,100.294,NaN,4.667e4,0,59.025,0.362,0,240.907,0,457.17,247.466,5.504,849.712,0.031
291.184,828.786,10.56,0.18,99.268,1.004,99.273,NaN,4.667e4,0,59.025,0.362,0,240.907,0,457.108,247.466,5.537,850.263,0.031
291.684,823.611,10.54,0.124,98.246,1.004,98.251,NaN,4.667e4,0,59.025,0.362,0,240.907,0,457.027,247.466,5.571,850.814,0.031
292.184,818.438,10.549,0.307,97.231,1.004,97.237,NaN,4.667e4,0,59.025,0.362,0,240.907,0,457.442,247.466,5.605,851.364,0.031
292.684,813.266,10.576,0.034,96.163,1.004,96.168,NaN,4.667e4,0,59.025,0.362,0,240.907,0,456.819,247.466,5.638,851.914,0.031
293.184,808.095,10.572,0.145,95.061,1.004,95.066,NaN,4.667e4,0,59.025,0.362,0,240.907,0,457.113,247.466,5.672,852.464,0.031
293.684,802.925,10.554,0.014,93.98,1.004,93.986,NaN,4.667e4,0,59.025,0.362,0,240.907,0,456.983,247.466,5.705,853.014,0.031
294.184,797.757,10.553,0.034,92.917,1.004,92.922,NaN,4.667e4,0,59.025,0.362,0,240.907,0,457.033,247.466,5.739,853.564,0.031
294.684,792.59,10.554,0.224,91.847,1.004,91.853,NaN,4.667e4,0,59.025,0.362,0,240.907,0,457.263,247.466,5.773,854.113,0.031
295.184,787.424,10.528,0.308,90.802,1.004,90.807,NaN,4.667e4,0,59.025,0.362,0,240.907,0,457.369,247.466,5.806,854.663,0.031
295.684,782.261,10.495,0.059,89.822,1.004,89.828,NaN,4.667e4,0,59.025,0.362,0,240.907,0,456.831,247.466,5.84,855.212,0.031
296.184,777.098,10.5,0.008,88.874,1.003,88.88,NaN,4.667e4,0,59.025,0.362,0,240.907,0,457.014,247.466,5.873,855.761,0.031
296.684,771.937,10.498,0.326,87.918,1.003,87.924,NaN,4.667e4,0,59.025,0.362,0,240.907,0,457.542,247.466,5.907,856.31,0.031
297.184,766.777,10.524,0.093,86.921,1.003,86.927,NaN,4.667e4,0,59.025,0.362,0,240.907,0,456.835,247.466,5.94,856.859,0.031
297.684,761.618,10.533,0.355,85.871,1.003,85.877,NaN,4.667e4,0,59.025,0.362,0,240.907,0,457.606,247.466,5.974,857.408,0.031
298.184,756.462,10.564,0.04,84.765,1.003,84.771,NaN,4.667e4,0,59.025,0.362,0,240.907,0,456.753,247.466,6.008,857.956,0.031
298.684,751.306,10.56,0.302,83.62,1.003,83.626,NaN,4.667e4,0,59.025,0.362,0,240.907,0,457.444,247.466,6.041,858.505,0.031
299.184,746.151,10.524,0.236,82.517,1.003,82.524,NaN,4.667e4,0,59.025,0.362,0,240.907,0,457.091,247.466,6.075,859.053,0.031
299.684,740.999,10.499,0.07,81.482,1.003,81.488,NaN,4.667e4,0,59.025,0.362,0,240.907,0,456.924,247.466,6.108,859.601,0.031
300.184,735.847,10.505,0.095,80.468,1.003,80.474,NaN,4.667e4,0,59.025,0.362,0,240.907,0,457.059,247.466,6.141,860.149,0.031
300.684,730.696,10.493,0.035,79.456,1.003,79.462,NaN,4.667e4,0,59.025,0.362,0,240.907,0,457.021,247.466,6.175,860.697,0.031
301.184,725.546,10.487,0.27,78.461,1.003,78.467,NaN,4.667e4,0,59.025,0.362,0,240.907,0,457.383,247.466,6.208,861.245,0.031
301.684,720.398,10.509,0.165,77.436,1.003,77.442,NaN,4.667e4,0,59.025,0.362,0,240.907,0,456.999,247.466,6.242,861.792,0.031
302.184,715.252,10.491,0.233,76.398,1.003,76.404,NaN,4.667e4,0,59.025,0.362,0,240.907,0,457.224,247.466,6.275,862.34,0.031
302.684,710.106,10.466,0.057,75.41,1.002,75.416,NaN,4.667e4,0,59.025,0.362,0,240.907,0,456.928,247.466,6.309,862.887,0.031
303.184,704.962,10.46,0.178,74.458,1.002,74.465,NaN,4.667e4,0,59.025,0.362,0,240.907,0,457.174,247.466,6.342,863.434,0.031
303.684,699.819,10.441,0.166,73.535,1.002,73.542,NaN,4.667e4,0,59.025,0.362,0,240.907,0,457.101,247.466,6.376,863.981,0.031
304.184,694.678,10.453,0.137,72.614,1.002,72.621,NaN,4.667e4,0,59.025,0.362,0,240.907,0,457.065,247.466,6.409,864.528,0.031
304.684,689.538,10.463,0.019,71.656,1.002,71.663,NaN,4.667e4,0,59.025,0.362,0,240.907,0,456.996,247.466,6.443,865.075,0.031
305.184,684.398,10.459,0.262,70.682,1.002,70.689,NaN,4.667e4,0,59.025,0.362,0,240.907,0,457.367,247.466,6.476,865.622,0.031
305.684,679.261,10.48,0.134,69.678,1.002,69.685,NaN,4.667e4,0,59.025,0.362,0,240.907,0,456.968,247.466,6.509,866.168,0.031
306.184,674.125,10.465,0.049,68.658,1.002,68.665,NaN,4.667e4,0,59.025,0.362,0,240.907,0,457.004,247.466,6.543,866.715,0.031
306.684,668.99,10.459,0.038,67.661,1.002,67.668,NaN,4.667e4,0,59.025,0.362,0,240.907,0,457.041,247.466,6.576,867.261,0.031
307.184,663.856,10.453,0.092,66.674,1.002,66.682,NaN,4.667e4,0,59.025,0.362,0,240.907,0,457.078,247.466,6.609,867.807,0.031
307.684,658.723,10.441,0.05,65.704,1.002,65.711,NaN,4.667e4,0,59.025,0.362,0,240.907,0,457.036,247.466,6.643,868.353,0.031
308.184,653.592,10.444,0.157,64.739,1.002,64.747,NaN,4.667e4,0,59.025,0.362,0,240.907,0,457.155,247.466,6.676,868.899,0.031
308.684,648.462,10.455,0.151,63.748,1.002,63.756,NaN,4.667e4,0,59.025,0.362,0,240.907,0,457.097,247.466,6.709,869.444,0.031
309.184,643.334,10.468,0.261,62.719,1.002,62.727,NaN,4.667e4,0,59.025,0.362,0,240.907,0,457.31,247.466,6.743,869.99,0.031
309.684,638.207,10.439,0.087,61.703,1.001,61.711,NaN,4.667e4,0,59.025,0.362,0,240.907,0,456.923,247.466,6.776,870.535,0.031
310.184,633.081,10.429,0.035,60.731,1.001,60.74,NaN,4.667e4,0,59.025,0.362,0,240.907,0,457.027,247.466,6.809,871.081,0.031
310.684,627.956,10.424,0.109,59.775,1.001,59.783,NaN,4.667e4,0,59.025,0.362,0,240.907,0,457.1,247.466,6.843,871.626,0.031
311.184,622.833,10.431,0.029,58.809,1.001,58.817,NaN,4.667e4,0,59.025,0.362,0,240.907,0,457.023,247.466,6.876,872.171,0.031
311.684,617.711,10.432,0.118,57.826,1.001,57.834,NaN,4.667e4,0,59.025,0.362,0,240.907,0,457.108,247.466,6.909,872.715,0.031
312.184,612.59,10.418,0.03,56.854,1.001,56.862,NaN,4.667e4,0,59.025,0.362,0,240.907,0,457.02,247.466,6.943,873.26,0.031
312.684,607.47,10.418,0.033,55.893,1.001,55.902,NaN,4.667e4,0,59.025,0.362,0,240.907,0,457.048,247.466,6.976,873.805,0.031
313.184,602.352,10.413,0.088,54.932,1.001,54.941,NaN,4.667e4,0,59.025,0.362,0,240.907,0,457.084,247.466,7.009,874.349,0.031
313.684,597.235,10.418,0.078,53.964,1.001,53.974,NaN,4.667e4,0,59.025,0.362,0,240.907,0,457.06,247.466,7.042,874.894,0.03
314.184,592.119,10.423,0.268,52.976,1.001,52.985,NaN,4.667e4,0,59.025,0.362,0,240.907,0,457.379,247.466,7.076,875.438,0.03
314.684,587.005,10.446,0.179,51.944,1.001,51.954,NaN,4.667e4,0,59.025,0.362,0,240.907,0,457.037,247.466,7.109,875.982,0.03
315.184,581.892,10.463,0.11,50.857,1.001,50.867,NaN,4.667e4,0,59.025,0.362,0,240.907,0,457.026,247.466,7.142,876.526,0.03
315.684,576.781,10.472,0.346,49.733,1.001,49.743,NaN,4.667e4,0,59.025,0.362,0,240.907,0,457.583,247.466,7.175,877.069,0.03
316.184,571.671,10.431,0.369,48.639,1.001,48.65,NaN,4.667e4,0,59.025,0.362,0,240.907,0,457.418,247.466,7.209,877.613,0.03
316.684,566.563,10.392,0.036,47.635,1,47.645,NaN,4.667e4,0,59.025,0.362,0,240.907,0,456.736,247.466,7.242,878.156,0.03
317.184,561.456,10.39,0.129,46.68,1,46.691,NaN,4.667e4,0,59.025,0.362,0,240.907,0,457.112,247.466,7.275,878.699,0.03
317.684,556.349,10.376,0.152,45.747,1,45.758,NaN,4.667e4,0,59.025,0.362,0,240.907,0,457.126,247.466,7.308,879.243,0.03
318.184,551.244,10.387,0.123,44.81,1,44.822,NaN,4.667e4,0,59.025,0.362,0,240.907,0,457.071,247.466,7.341,879.786,0.03
318.684,546.14,10.396,0.054,43.839,1,43.851,NaN,4.667e4,0,59.025,0.362,0,240.907,0,457.028,247.466,7.375,880.329,0.03
319.184,541.037,10.389,0.006,42.86,1,42.872,NaN,4.667e4,0,59.025,0.362,0,240.907,0,457.045,247.466,7.408,880.871,0.03
319.684,535.935,10.386,0.064,41.888,1,41.899,NaN,4.667e4,0,59.025,0.362,0,240.907,0,457.073,247.466,7.441,881.414,0.03
320.184,530.834,10.389,0.071,40.907,1,40.92,NaN,4.667e4,0,59.025,0.362,0,240.907,0,457.069,247.466,7.474,881.957,0.03
320.684,525.735,10.394,0.093,39.91,1,39.923,NaN,4.667e4,0,59.025,0.362,0,240.907,0,457.082,247.466,7.507,882.499,0.03
321.184,520.637,10.382,0.204,38.916,1,38.929,NaN,4.667e4,0,59.025,0.362,0,240.907,0,457.23,247.466,7.54,883.041,0.03
321.684,515.541,10.36,0.077,37.959,1,37.972,NaN,4.667e4,0,59.025,0.362,0,240.907,0,456.988,247.466,7.573,883.583,0.03
322.184,510.446,10.352,0.112,37.037,1,37.05,NaN,4.667e4,0,59.025,0.362,0,240.907,0,457.1,247.466,7.607,884.125,0.03
322.684,505.351,10.359,0.043,36.11,1,36.124,NaN,4.667e4,0,59.025,0.362,0,240.907,0,457.036,247.466,7.64,884.667,0.03
323.184,500.259,10.361,0.047,35.164,1,35.178,NaN,4.667e4,0,59.025,0.362,0,240.907,0,457.061,247.466,7.673,885.209,0.03
323.684,495.167,10.354,0.02,34.219,0.999,34.233,NaN,4.667e4,0,59.025,0.362,0,240.907,0,457.054,247.466,7.706,885.751,0.03
324.184,490.076,10.353,0.05,33.277,0.999,33.292,NaN,4.667e4,0,59.025,0.362,0,240.907,0,457.069,247.466,7.739,886.292,0.03
324.684,484.987,10.356,0.038,32.326,0.999,32.341,NaN,4.667e4,0,59.025,0.362,0,240.907,0,457.06,247.466,7.772,886.833,0.03
325.184,479.899,10.357,0.014,31.364,0.999,31.38,NaN,4.667e4,0,59.025,0.362,0,240.907,0,457.055,247.466,7.805,887.375,0.03
325.684,474.813,10.353,0.014,30.399,0.999,30.416,NaN,4.667e4,0,59.025,0.362,0,240.907,0,457.059,247.466,7.838,887.916,0.03
326.184,469.727,10.349,0.035,29.438,0.999,29.455,NaN,4.667e4,0,59.025,0.362,0,240.907,0,457.065,247.466,7.871,888.457,0.03
326.684,464.643,10.35,0.168,28.474,0.999,28.491,NaN,4.667e4,0,59.025,0.362,0,240.907,0,457.189,247.466,7.904,888.997,0.03
327.184,459.56,10.332,0.061,27.526,0.999,27.544,NaN,4.667e4,0,59.025,0.362,0,240.907,0,457.015,247.466,7.937,889.538,0.03
327.684,454.479,10.335,0.035,26.592,0.999,26.61,NaN,4.667e4,0,59.025,0.362,0,240.907,0,457.055,247.466,7.97,890.079,0.03
328.184,449.398,10.33,0.083,25.654,0.999,25.673,NaN,4.667e4,0,59.025,0.362,0,240.907,0,457.092,247.466,8.003,890.619,0.03
328.684,444.319,10.335,0.312,24.71,0.999,24.73,NaN,4.667e4,0,59.025,0.362,0,240.907,0,457.513,247.466,8.036,891.159,0.03
329.184,439.242,10.36,0.002,23.717,0.999,23.738,NaN,4.667e4,0,59.025,0.362,0,240.907,0,456.836,247.466,8.069,891.699,0.03
329.684,434.165,10.36,0.084,22.685,0.999,22.707,NaN,4.667e4,0,59.025,0.362,0,240.907,0,457.086,247.466,8.102,892.239,0.03
330.184,429.09,10.349,0.016,21.663,0.999,21.686,NaN,4.667e4,0,59.025,0.362,0,240.907,0,457.048,247.466,8.135,892.779,0.03
330.684,424.016,10.349,0.081,20.65,0.999,20.674,NaN,4.667e4,0,59.025,0.362,0,240.907,0,457.092,247.466,8.168,893.319,0.03
331.184,418.943,10.338,0.108,19.644,0.998,19.67,NaN,4.667e4,0,59.025,0.362,0,240.907,0,457.103,247.466,8.201,893.859,0.03
331.684,413.871,10.325,0.133,18.663,0.998,18.689,NaN,4.667e4,0,59.025,0.362,0,240.907,0,457.123,247.466,8.234,894.398,0.03
332.184,408.801,10.335,0.072,17.678,0.998,17.706,NaN,4.667e4,0,59.025,0.362,0,240.907,0,457.047,247.466,8.267,894.938,0.03
332.684,403.731,10.34,0.035,16.667,0.998,16.697,NaN,4.667e4,0,59.025,0.362,0,240.907,0,457.057,247.466,8.3,895.477,0.03
333.184,398.663,10.341,0.253,15.644,0.998,15.676,NaN,4.667e4,0,59.025,0.362,0,240.907,0,457.37,247.466,8.333,896.016,0.03
333.684,393.597,10.363,0.129,14.584,0.998,14.618,NaN,4.667e4,0,59.025,0.362,0,240.907,0,456.994,247.466,8.366,896.555,0.03
334.184,388.532,10.349,0.038,13.509,0.998,13.546,NaN,4.667e4,0,59.025,0.362,0,240.907,0,457.029,247.466,8.399,897.094,0.03
334.684,383.467,10.351,0.095,12.445,0.998,12.485,NaN,4.667e4,0,59.025,0.362,0,240.907,0,457.105,247.466,8.432,897.632,0.03
335.184,378.404,10.358,0.015,11.365,0.998,11.409,NaN,4.667e4,0,59.025,0.362,0,240.907,0,457.046,247.466,8.465,898.171,0.03
335.684,373.342,10.357,0.082,10.271,0.998,10.319,NaN,4.667e4,0,59.025,0.362,0,240.907,0,457.098,247.466,8.498,898.709,0.03
336.184,368.281,10.363,0.288,9.165,0.998,9.219,NaN,4.667e4,0,59.025,0.362,0,240.907,0,457.453,247.466,8.531,899.273,0.03
336.684,363.222,10.329,0.259,8.085,0.998,8.147,NaN,4.667e4,0,59.025,0.362,0,240.907,0,457.208,247.466,8.564,899.838,0.03
337.184,358.165,10.301,0.16,7.074,0.998,7.144,NaN,4.667e4,0,59.025,0.362,0,240.907,0,457.043,247.466,8.596,900.403,0.03
337.684,353.109,10.285,0.214,6.114,0.997,6.195,NaN,4.667e4,0,59.025,0.362,0,240.907,0,457.24,247.466,8.629,900.968,0.03
338.184,348.053,10.302,0.337,5.148,0.997,5.244,NaN,4.667e4,0,59.025,0.362,0,240.907,0,457.511,247.466,8.662,901.533,0.03
338.684,343,10.267,0.398,4.198,0.997,4.314,NaN,4.667e4,0,59.025,0.362,0,240.907,0,457.572,247.466,8.695,902.097,0.03
339.184,337.949,10.23,0.35,3.339,0.997,3.485,NaN,4.667e4,0,59.025,0.362,0,240.907,0,457.3,247.466,8.728,902.662,0.03
339.684,332.899,10.257,0.194,2.486,0.997,2.679,NaN,4.667e4,0,59.025,0.362,0,240.907,0,456.973,247.466,8.761,903.226,0.03
340.184,327.849,10.274,0.138,1.566,0.997,1.856,NaN,4.667e4,0,59.025,0.362,0,240.907,0,457.083,247.466,8.793,903.79,0.03
340.684,322.8,10.285,0.198,0.603,0.997,1.165,NaN,4.667e4,0,59.025,0.362,0,240.907,0,457.228,247.466,8.826,904.354,0.03
341.184,317.753,10.301,0.09,-0.401,0.997,1.075,NaN,4.667e4,0,59.025,0.362,0,240.907,0,457.033,247.466,8.859,904.918,0.03
341.684,312.706,10.309,0.205,-1.441,0.997,1.752,NaN,4.667e4,0,59.025,0.362,0,240.907,0,457.268,247.466,8.892,905.482,0.03
342.184,307.661,10.327,0.249,-2.518,0.997,2.708,NaN,4.667e4,0,59.025,0.362,0,240.907,0,457.28,247.466,8.925,906.046,0.03
342.684,302.617,10.298,0.223,-3.59,0.997,3.725,NaN,4.667e4,0,59.025,0.362,0,240.907,0,457.175,247.466,8.957,906.609,0.03
343.184,297.575,10.274,0.204,-4.602,0.997,4.709,NaN,4.667e4,0,59.025,0.362,0,240.907,0,457.165,247.466,8.99,907.173,0.03
343.684,292.534,10.252,0.033,-5.561,0.997,5.65,NaN,4.667e4,0,59.025,0.362,0,240.907,0,456.995,247.466,9.023,907.736,0.03
344.184,287.494,10.248,0.053,-6.491,0.997,6.567,NaN,4.667e4,0,59.025,0.362,0,240.907,0,457.097,247.466,9.056,908.299,0.03
344.684,282.455,10.241,0.028,-7.41,0.996,7.477,NaN,4.667e4,0,59.025,0.362,0,240.907,0,457.087,247.466,9.089,908.862,0.03
345.184,277.417,10.236,0.068,-8.319,0.996,8.378,NaN,4.667e4,0,59.025,0.362,0,240.907,0,457.111,247.466,9.121,909.425,0.03
345.684,272.381,10.239,0.153,-9.233,0.996,9.286,NaN,4.667e4,0,59.025,0.362,0,240.907,0,457.193,247.466,9.154,909.987,0.03
346.184,267.345,10.25,0.031,-10.174,0.996,10.223,NaN,4.667e4,0,59.025,0.362,0,240.907,0,457.041,247.466,9.187,910.55,0.03
346.684,262.312,10.251,0.079,-11.138,0.996,11.183,NaN,4.667e4,0,59.025,0.362,0,240.907,0,457.118,247.466,9.219,911.112,0.03
347.184,257.279,10.256,0.069,-12.116,0.996,12.157,NaN,4.667e4,0,59.025,0.362,0,240.907,0,457.098,247.466,9.252,911.675,0.03
347.684,252.247,10.247,0.275,-13.095,0.996,13.133,NaN,4.667e4,0,59.025,0.362,0,240.907,0,457.444,247.466,9.285,912.237,0.03
348.184,247.218,10.27,0.125,-14.1,0.996,14.135,NaN,4.667e4,0,59.025,0.362,0,240.907,0,456.989,247.466,9.318,912.799,0.03
348.684,242.189,10.256,0.225,-15.124,0.996,15.156,NaN,4.667e4,0,59.025,0.362,0,240.907,0,457.296,247.466,9.35,913.361,0.03
349.184,237.162,10.276,0.085,-16.16,0.996,16.19,NaN,4.667e4,0,59.025,0.362,0,240.907,0,457.009,247.466,9.383,913.922,0.03
349.684,232.136,10.283,0.111,-17.235,0.996,17.263,NaN,4.667e4,0,59.025,0.362,0,240.907,0,457.129,247.466,9.416,914.484,0.03
350.184,227.111,10.269,0.206,-18.306,0.996,18.333,NaN,4.667e4,0,59.025,0.362,0,240.907,0,457.264,247.466,9.448,915.045,0.03
350.684,222.087,10.245,0.127,-19.338,0.996,19.364,NaN,4.667e4,0,59.025,0.362,0,240.907,0,457.074,247.466,9.481,915.607,0.03
351.184,217.064,10.256,0.105,-20.361,0.996,20.385,NaN,4.667e4,0,59.025,0.362,0,240.907,0,457.105,247.466,9.514,916.168,0.03
351.684,212.043,10.243,0.12,-21.386,0.995,21.409,NaN,4.667e4,0,59.025,0.362,0,240.907,0,457.136,247.466,9.546,916.729,0.03
352.184,207.023,10.229,0.035,-22.383,0.995,22.405,NaN,4.667e4,0,59.025,0.362,0,240.907,0,457.068,247.466,9.579,917.29,0.03
352.684,202.004,10.23,0.398,-23.369,0.995,23.39,NaN,4.667e4,0,59.025,0.362,0,240.907,0,457.851,247.466,9.611,917.85,0.03
353.184,196.987,10.265,0.017,-24.409,0.995,24.429,NaN,4.667e4,0,59.025,0.362,0,240.907,0,456.728,247.466,9.644,918.411,0.03
353.684,191.972,10.268,0.146,-25.501,0.995,25.521,NaN,4.667e4,0,59.025,0.362,0,240.907,0,457.186,247.466,9.677,918.971,0.03
354.184,186.957,10.25,0.083,-26.577,0.995,26.596,NaN,4.667e4,0,59.025,0.362,0,240.907,0,457.082,247.466,9.709,919.531,0.03
354.684,181.943,10.256,0.038,-27.646,0.995,27.664,NaN,4.667e4,0,59.025,0.362,0,240.907,0,457.087,247.466,9.742,920.092,0.03
355.184,176.93,10.258,0.296,-28.729,0.995,28.746,NaN,4.667e4,0,59.025,0.362,0,240.907,0,457.513,247.466,9.774,920.652,0.03
355.684,171.919,10.286,0.221,-29.854,0.995,29.871,NaN,4.667e4,0,59.025,0.362,0,240.907,0,457.122,247.466,9.807,921.212,0.03
356.184,166.909,10.26,0.26,-30.989,0.995,31.005,NaN,4.667e4,0,59.025,0.362,0,240.907,0,457.3,247.466,9.84,921.771,0.03
356.684,161.901,10.23,0.341,-32.063,0.995,32.079,NaN,4.667e4,0,59.025,0.362,0,240.907,0,457.49,247.466,9.872,922.331,0.03
357.184,156.894,10.193,0.39,-33.062,0.995,33.077,NaN,4.667e4,0,59.025,0.362,0,240.907,0,457.547,247.466,9.905,922.89,0.03
357.684,151.889,10.155,0.397,-33.97,0.995,33.985,NaN,4.667e4,0,59.025,0.362,0,240.907,0,457.499,247.466,9.937,923.449,0.03
358.184,146.886,10.188,0.118,-34.879,0.995,34.893,NaN,4.667e4,0,59.025,0.362,0,240.907,0,456.793,247.466,9.97,924.008,0.03
358.684,141.883,10.2,0.107,-35.852,0.994,35.866,NaN,4.667e4,0,59.025,0.362,0,240.907,0,457.117,247.466,10.002,924.567,0.03
359.184,136.88,10.208,0.004,-36.853,0.994,36.867,NaN,4.667e4,0,59.025,0.362,0,240.907,0,457.074,247.466,10.035,925.126,0.03
359.684,131.878,10.206,0.149,-37.868,0.994,37.881,NaN,4.667e4,0,59.025,0.362,0,240.907,0,457.205,247.466,10.067,925.685,0.03
360.184,126.878,10.189,0.313,-38.864,0.994,38.877,NaN,4.667e4,0,59.025,0.362,0,240.907,0,457.514,247.466,10.1,926.244,0.03
360.684,121.879,10.156,0.447,-39.803,0.994,39.815,NaN,4.667e4,0,59.025,0.362,0,240.907,0,457.833,247.466,10.132,926.802,0.03
361.184,116.883,10.193,0.035,-40.758,0.994,40.77,NaN,4.667e4,0,59.025,0.362,0,240.907,0,456.638,247.466,10.165,927.36,0.03
361.684,111.887,10.199,0.191,-41.773,0.994,41.785,NaN,4.667e4,0,59.025,0.362,0,240.907,0,457.262,247.466,10.197,927.919,0.03
362.184,106.892,10.177,0.011,-42.769,0.994,42.781,NaN,4.667e4,0,59.025,0.362,0,240.907,0,457.021,247.466,10.23,928.477,0.03
362.684,101.897,10.174,0.119,-43.74,0.994,43.751,NaN,4.667e4,0,59.025,0.362,0,240.907,0,457.172,247.466,10.262,929.035,0.03
363.184,96.904,10.183,0.21,-44.724,0.994,44.735,NaN,4.667e4,0,59.025,0.362,0,240.907,0,457.279,247.466,10.295,929.593,0.03
363.684,91.912,10.16,0.018,-45.697,0.994,45.708,NaN,4.667e4,0,59.025,0.362,0,240.907,0,457.005,247.466,10.327,930.15,0.03
364.184,86.922,10.157,0.141,-46.642,0.994,46.653,NaN,4.667e4,0,59.025,0.362,0,240.907,0,457.2,247.466,10.36,930.708,0.03
364.684,81.932,10.167,0.015,-47.602,0.994,47.612,NaN,4.667e4,0,59.025,0.362,0,240.907,0,457.061,247.466,10.392,931.265,0.03
365.184,76.944,10.164,0.136,-48.577,0.994,48.588,NaN,4.667e4,0,59.025,0.362,0,240.907,0,457.196,247.466,10.424,931.823,0.03
365.684,71.957,10.175,0.15,-49.568,0.993,49.578,NaN,4.667e4,0,59.025,0.362,0,240.907,0,457.172,247.466,10.457,932.38,0.03
366.184,66.971,10.187,0.074,-50.595,0.993,50.605,NaN,4.667e4,0,59.025,0.362,0,240.907,0,457.081,247.466,10.489,932.937,0.03
366.684,61.986,10.193,0.108,-51.649,0.993,51.659,NaN,4.667e4,0,59.025,0.362,0,240.907,0,457.148,247.466,10.522,933.494,0.03
367.184,57.003,10.179,0.256,-52.7,0.993,52.709,NaN,4.667e4,0,59.025,0.362,0,240.907,0,457.397,247.466,10.554,934.051,0.03
367.684,52.021,10.202,0.153,-53.768,0.993,53.778,NaN,4.667e4,0,59.025,0.362,0,240.907,0,457.063,247.466,10.586,934.607,0.03
368.184,47.04,10.185,0.005,-54.85,0.993,54.859,NaN,4.667e4,0,59.025,0.362,0,240.907,0,457.052,247.466,10.619,935.164,0.029
368.684,42.06,10.183,0.029,-55.912,0.993,55.921,NaN,4.667e4,0,59.025,0.362,0,240.907,0,457.113,247.466,10.651,935.72,0.029
369.184,37.081,10.183,0.162,-56.978,0.993,56.986,NaN,4.667e4,0,59.025,0.362,0,240.907,0,457.234,247.466,10.683,936.276,0.029
369.684,32.104,10.198,0.4,-58.067,0.993,58.075,NaN,4.667e4,0,59.025,0.362,0,240.907,0,457.805,247.466,10.716,936.832,0.029
370.184,27.128,10.15,0.043,-59.126,0.993,59.134,NaN,4.667e4,0,59.025,0.362,0,240.907,0,456.747,247.466,10.748,937.388,0.029
370.684,22.154,10.156,0.273,-60.141,0.993,60.149,NaN,4.667e4,0,59.025,0.362,0,240.907,0,457.453,247.466,10.78,937.944,0.029
371.184,17.18,10.126,0.082,-61.126,0.993,61.134,NaN,4.667e4,0,59.025,0.362,0,240.907,0,456.972,247.466,10.813,938.5,0.029
371.684,12.208,10.133,0.245,-62.088,0.993,62.096,NaN,4.667e4,0,59.025,0.362,0,240.907,0,457.384,247.466,10.845,939.055,0.029
372.184,7.237,10.153,0.151,-63.091,0.993,63.099,NaN,4.667e4,0,59.025,0.362,0,240.907,0,457.077,247.466,10.877,939.611,0.029
372.684,2.267,10.137,0.098,-64.106,0.992,64.114,NaN,4.667e4,0,59.025,0.362,0,240.907,0,457.104,247.466,10.91,940.166,0.029
372.912,0,10.132,0.078,-64.558,0.992,64.565,NaN,4.667e4,0,59.025,0.362,0,240.907,0,457.102,247.466,10.925,940.419,0.029
